batter,batsman_runs,boundary_runs,boundary_percentage
VRV Singh,4,4.0,100.0
BA Bhatt,6,6.0,100.0
RS Sodhi,4,4.0,100.0
Liton Das,4,4.0,100.0
A Tomar,4,4.0,100.0
P Chopra,8,8.0,100.0
GD McGrath,4,4.0,100.0
R Sai Kishore,13,12.0,92.3076923076923
J Fraser-McGurk,330,296.0,89.6969696969697
AA Kulkarni,9,8.0,88.88888888888889
L Ronchi,34,30.0,88.23529411764706
Umar Gul,39,34.0,87.17948717948718
J Arunkumar,23,20.0,86.95652173913044
MDKJ Perera,14,12.0,85.71428571428571
M Theekshana,7,6.0,85.71428571428571
Ankit Soni,7,6.0,85.71428571428571
R Bishnoi,19,16.0,84.21052631578947
ER Dwivedi,24,20.0,83.33333333333334
MA Wood,12,10.0,83.33333333333334
AUK Pathan,39,32.0,82.05128205128204
SP Narine,1534,1238.0,80.70404172099087
Shivam Sharma,5,4.0,80.0
B Stanlake,5,4.0,80.0
KMDN Kulasekara,5,4.0,80.0
NJ Maddinson,20,16.0,80.0
C Madan,15,12.0,80.0
Arshad Khan (2),5,4.0,80.0
AC Blizzard,120,96.0,80.0
Shahid Afridi,81,64.0,79.01234567901234
Kamran Akmal,128,100.0,78.125
AD Russell,2488,1938.0,77.89389067524117
BJ Haddin,18,14.0,77.77777777777779
Sumit Kumar,18,14.0,77.77777777777779
MJ Lumb,278,216.0,77.6978417266187
LJ Wright,106,82.0,77.35849056603774
Naman Dhir,140,108.0,77.14285714285715
RE Levi,83,64.0,77.10843373493977
PD Salt,653,500.0,76.5696784073507
R Shepherd,115,88.0,76.52173913043478
CH Gayle,4997,3786.0,75.76545927556533
CR Brathwaite,181,136.0,75.13812154696133
JPR Scantlebury-Searles,8,6.0,75.0
OC McCoy,8,6.0,75.0
TS Mills,8,6.0,75.0
CK Langeveldt,8,6.0,75.0
KR Mayers,379,284.0,74.93403693931398
WG Jacks,230,172.0,74.78260869565217
ST Jayasuriya,768,570.0,74.21875
GD Phillips,65,48.0,73.84615384615385
P Simran Singh,756,558.0,73.80952380952381
Akash Deep,19,14.0,73.68421052631578
AG Paunikar,49,36.0,73.46938775510205
YBK Jaiswal,1607,1180.0,73.42874922215307
Avesh Khan,41,30.0,73.17073170731707
BCJ Cutting,238,174.0,73.10924369747899
MJ McClenaghan,85,62.0,72.94117647058823
AC Gilchrist,2069,1508.0,72.88545190913484
M Ntini,11,8.0,72.72727272727273
MS Gony,99,72.0,72.72727272727273
Yudhvir Singh,22,16.0,72.72727272727273
SB Dubey,33,24.0,72.72727272727273
SA Abbott,22,16.0,72.72727272727273
Rahmanullah Gurbaz,289,210.0,72.66435986159169
KK Cooper,116,84.0,72.41379310344827
V Sehwag,2728,1972.0,72.28739002932552
PC Valthaty,505,364.0,72.07920792079207
R Ravindra,222,160.0,72.07207207207207
MW Short,117,84.0,71.7948717948718
D Brevis,230,164.0,71.30434782608695
E Lewis,654,464.0,70.9480122324159
T Kohler-Cadmore,48,34.0,70.83333333333334
S Sreesanth,34,24.0,70.58823529411765
DR Smith,2385,1682.0,70.52410901467505
TM Head,772,544.0,70.46632124352331
Rashid Khan,545,384.0,70.45871559633028
S Vidyut,145,102.0,70.34482758620689
LS Livingstone,939,660.0,70.28753993610223
C Munro,177,124.0,70.05649717514125
BR Dunk,40,28.0,70.0
R Powell,360,252.0,70.0
RR Rossouw,473,330.0,69.76744186046511
Sunny Singh,43,30.0,69.76744186046511
PVD Chameera,43,30.0,69.76744186046511
PP Shaw,1892,1318.0,69.66173361522199
Vivrant Sharma,69,48.0,69.56521739130434
DJ Jacobs,92,64.0,69.56521739130434
Umran Malik,23,16.0,69.56521739130434
CA Lynn,1329,924.0,69.52595936794582
JJ Roy,614,426.0,69.38110749185668
Abhishek Sharma,1377,950.0,68.99055918663763
Ashutosh Sharma,189,130.0,68.78306878306879
A Raghuvanshi,163,112.0,68.71165644171779
MJ Guptill,271,186.0,68.63468634686348
N Pooran,1769,1214.0,68.6263425664217
Salman Butt,193,132.0,68.39378238341969
GJ Maxwell,2772,1892.0,68.25396825396825
SR Watson,3880,2648.0,68.24742268041237
Harbhajan Singh,833,568.0,68.18727490996399
D Pretorius,44,30.0,68.18181818181817
JM Bairstow,1589,1078.0,67.84140969162996
BB McCullum,2882,1952.0,67.73074253990285
Anmolpreet Singh,139,94.0,67.62589928057554
ML Hayden,1107,748.0,67.57000903342367
N Wadhera,350,236.0,67.42857142857143
MM Ali,1162,782.0,67.29776247848537
SA Asnodkar,423,284.0,67.13947990543736
JC Buttler,3583,2390.0,66.7038794306447
DM Bravo,6,4.0,66.66666666666666
I Udana,15,10.0,66.66666666666666
OF Smith,51,34.0,66.66666666666666
SD Lad,15,10.0,66.66666666666666
SH Johnson,6,4.0,66.66666666666666
Shashank Singh,423,282.0,66.66666666666666
Mujeeb Ur Rahman,12,8.0,66.66666666666666
SS Shaikh,6,4.0,66.66666666666666
AP Tare,339,226.0,66.66666666666666
TU Deshpande,21,14.0,66.66666666666666
AA Chavan,12,8.0,66.66666666666666
L Wood,9,6.0,66.66666666666666
Harmeet Singh,18,12.0,66.66666666666666
Mukesh Choudhary,6,4.0,66.66666666666666
DJ Harris,111,74.0,66.66666666666666
DS Lehmann,18,12.0,66.66666666666666
S Sohal,368,244.0,66.30434782608695
Abishek Porel,360,238.0,66.11111111111111
RM Patidar,799,528.0,66.08260325406758
JM Sharma,730,482.0,66.02739726027397
PN Mankad,97,64.0,65.97938144329896
B Akhil,76,50.0,65.78947368421053
K Gowtham,247,162.0,65.58704453441295
Ishan Kishan,2644,1734.0,65.58245083207261
SD Hope,183,120.0,65.57377049180327
N Rana,2636,1728.0,65.55386949924127
M Shahrukh Khan,553,362.0,65.46112115732369
SM Pollock,147,96.0,65.3061224489796
AS Yadav,49,32.0,65.3061224489796
PJ Cummins,515,336.0,65.24271844660194
Mohammad Nabi,221,144.0,65.15837104072398
LPC Silva,40,26.0,65.0
Misbah-ul-Haq,117,76.0,64.95726495726495
TH David,659,428.0,64.94688922610014
LMP Simmons,1079,700.0,64.87488415199259
S Narwal,37,24.0,64.86486486486487
KA Pollard,3437,2228.0,64.82397439627582
A Mithun,34,22.0,64.70588235294117
Ramandeep Singh,170,110.0,64.70588235294117
JD Ryder,604,390.0,64.56953642384106
SA Yadav,3594,2320.0,64.55203116304953
B Lee,124,80.0,64.51612903225806
DJM Short,115,74.0,64.34782608695652
JC Archer,199,128.0,64.321608040201
CJ Anderson,538,346.0,64.31226765799256
SP Fleming,196,126.0,64.28571428571429
PBB Rajapaksa,277,178.0,64.25992779783394
T Stubbs,405,260.0,64.19753086419753
RR Pant,3297,2116.0,64.17955717318775
Yuvraj Singh,2754,1766.0,64.12490922294843
VR Iyer,1326,850.0,64.1025641025641
RJ Quiney,103,66.0,64.07766990291263
SO Hetmyer,1243,796.0,64.03861625100564
TR Birt,75,48.0,64.0
S Chanderpaul,25,16.0,64.0
MS Bisla,798,510.0,63.90977443609023
AU Rashid,22,14.0,63.63636363636363
RD Chahar,129,82.0,63.565891472868216
YV Takawale,192,122.0,63.541666666666664
HM Amla,577,366.0,63.43154246100519
NM Coulter-Nile,82,52.0,63.41463414634146
Q de Kock,3160,2002.0,63.35443037974684
AJ Finch,2092,1324.0,63.28871892925431
S Dube,1502,950.0,63.24900133155792
MR Marsh,665,420.0,63.1578947368421
Atharva Taide,247,156.0,63.1578947368421
Y Gnaneswara Rao,19,12.0,63.1578947368421
SM Katich,241,152.0,63.07053941908713
Abdul Samad,579,364.0,62.86701208981002
JR Hopes,417,262.0,62.829736211031175
DP Conway,924,580.0,62.77056277056276
YK Pathan,3222,2018.0,62.63190564866542
Mohammad Hafeez,64,40.0,62.5
AJ Hosein,16,10.0,62.5
RA Tripathi,2236,1396.0,62.432915921288014
A Manohar,231,144.0,62.33766233766234
HH Pandya,2534,1578.0,62.27308602999211
C Green,707,440.0,62.23479490806223
M Vohra,1083,674.0,62.23453370267775
VH Zol,29,18.0,62.06896551724138
SE Marsh,2489,1544.0,62.03294495781439
DA Warner,6567,4068.0,61.94609410689813
AB Barath,42,26.0,61.904761904761905
HV Patel,249,154.0,61.84738955823293
DB Das,304,188.0,61.8421052631579
JO Holder,259,160.0,61.77606177606177
MA Agarwal,2669,1648.0,61.74597227426002
NV Ojha,1554,958.0,61.64736164736164
PA Patel,2848,1754.0,61.58707865168539
RG Sharma,6630,4082.0,61.568627450980394
Noor Ahmad,13,8.0,61.53846153846154
CM Gautam,169,104.0,61.53846153846154
TL Seifert,26,16.0,61.53846153846154
MP Stoinis,1866,1146.0,61.41479099678456
Nithish Kumar Reddy,303,186.0,61.386138613861384
SL Malinga,88,54.0,61.36363636363637
AB de Villiers,5181,3174.0,61.26230457440649
Tilak Varma,1156,708.0,61.245674740484425
H Klaasen,993,608.0,61.22860020140987
DH Yagnik,170,104.0,61.1764705882353
AN Ahmed,36,22.0,61.111111111111114
Dhruv Jurel,347,212.0,61.09510086455331
TM Dilshan,1153,704.0,61.05810928013877
HC Brook,190,116.0,61.05263157894737
R Tewatia,1013,618.0,61.00691016781836
RK Singh,893,544.0,60.91825307950728
RV Uthappa,4954,3016.0,60.88009689140089
D Wiese,148,90.0,60.810810810810814
MD Mishra,237,144.0,60.75949367088608
UBT Chand,300,182.0,60.66666666666667
D Salunkhe,33,20.0,60.60606060606061
Imran Tahir,33,20.0,60.60606060606061
SN Thakur,307,186.0,60.586319218241044
CH Morris,618,374.0,60.517799352750814
KP Pietersen,1001,604.0,60.33966033966034
Azhar Mahmood,388,234.0,60.30927835051546
C Sakariya,20,12.0,60.0
J Suchith,70,42.0,60.0
SV Samson,4419,2644.0,59.83254129893641
D Padikkal,1559,932.0,59.78191148171905
Ankit Sharma,87,52.0,59.77011494252874
RN ten Doeschate,326,194.0,59.50920245398773
AD Hales,148,88.0,59.45945945945946
RD Gaikwad,2380,1414.0,59.411764705882355
C de Grandhomme,303,180.0,59.4059405940594
AJ Tye,91,54.0,59.34065934065934
R Parag,1173,696.0,59.33503836317136
SC Ganguly,1349,800.0,59.30318754633062
N Jagadeesan,162,96.0,59.25925925925925
MK Lomror,527,312.0,59.20303605313093
EJG Morgan,1406,832.0,59.17496443812234
Aman Hakim Khan,115,68.0,59.130434782608695
Anuj Rawat,318,188.0,59.11949685534591
BJ Rohrer,193,114.0,59.067357512953365
S Dhawan,6769,3990.0,58.94519131334023
LA Pomersbach,302,178.0,58.94039735099338
JA Morkel,975,574.0,58.87179487179487
Swapnil Singh,51,30.0,58.82352941176471
M Morkel,126,74.0,58.730158730158735
F du Plessis,4571,2684.0,58.71800481295122
Mohammed Siraj,109,64.0,58.71559633027523
KK Nair,1496,878.0,58.68983957219251
SK Raina,5536,3248.0,58.67052023121387
SM Curran,883,518.0,58.66364665911665
M Vijay,2619,1534.0,58.57197403589156
NLTC Perera,424,248.0,58.490566037735846
HH Gibbs,886,518.0,58.465011286681715
KA Jamieson,65,38.0,58.46153846153847
KD Karthik,4843,2830.0,58.43485442907289
Arshad Khan,96,56.0,58.333333333333336
MA Khote,24,14.0,58.333333333333336
UT Khawaja,127,74.0,58.26771653543307
GC Smith,739,430.0,58.18673883626523
SR Tendulkar,2334,1358.0,58.183376178234795
WP Saha,2934,1706.0,58.14587593728698
KL Rahul,4689,2722.0,58.0507570910642
RE van der Merwe,159,92.0,57.861635220125784
MF Maharoof,177,102.0,57.6271186440678
R Sharma,66,38.0,57.57575757575758
CA Ingram,205,118.0,57.56097560975609
DPMD Jayawardene,1808,1040.0,57.52212389380531
VVS Laxman,282,162.0,57.446808510638306
CA Pujara,390,224.0,57.43589743589743
SN Khan,585,336.0,57.43589743589743
S Anirudha,136,78.0,57.35294117647059
R Dravid,2174,1244.0,57.22171113155474
KH Pandya,1647,942.0,57.19489981785064
UA Birla,7,4.0,57.14285714285714
VS Malik,7,4.0,57.14285714285714
F Behardien,14,8.0,57.14285714285714
AN Ghosh,7,4.0,57.14285714285714
I Malhotra,7,4.0,57.14285714285714
DJG Sammy,295,168.0,56.949152542372886
W Jaffer,130,74.0,56.92307692307692
AT Rayudu,4348,2474.0,56.89972401103955
MS Wade,183,104.0,56.830601092896174
UT Yadav,208,118.0,56.730769230769226
SE Rutherford,106,60.0,56.60377358490566
MS Dhoni,5243,2964.0,56.53251954987603
SS Iyer,3131,1766.0,56.40370488661769
LR Shukla,405,228.0,56.2962962962963
Shubman Gill,3216,1810.0,56.28109452736319
RJ Peterson,32,18.0,56.25
PD Collingwood,203,114.0,56.15763546798029
DJ Bravo,1560,876.0,56.15384615384615
Sanvir Singh,25,14.0,56.00000000000001
Mohsin Khan,25,14.0,56.00000000000001
Gurkeerat Singh,511,286.0,55.96868884540117
K Goel,218,122.0,55.96330275229357
P Negi,365,204.0,55.89041095890411
P Kumar,340,190.0,55.88235294117647
MEK Hussey,1977,1104.0,55.84218512898331
KC Sangakkara,1687,942.0,55.838767042086545
DA Miller,2924,1632.0,55.81395348837209
Harpreet Brar,233,130.0,55.793991416309005
V Kohli,8014,4470.0,55.77738956825555
SW Billings,503,280.0,55.666003976143145
A Symonds,974,542.0,55.64681724845995
TL Suman,676,376.0,55.62130177514793
Saurav Chauhan,18,10.0,55.55555555555556
T Banton,18,10.0,55.55555555555556
KMA Paul,18,10.0,55.55555555555556
JJ van der Wath,18,10.0,55.55555555555556
B Sai Sudharsan,1034,572.0,55.319148936170215
BA Stokes,935,516.0,55.18716577540107
J Syed Mohammad,29,16.0,55.172413793103445
Arshdeep Singh,29,16.0,55.172413793103445
PP Chawla,624,344.0,55.12820512820513
G Gambhir,4217,2322.0,55.0628408821437
A Ashish Reddy,280,154.0,55.00000000000001
DL Chahar,80,44.0,55.00000000000001
B Chipli,280,154.0,55.00000000000001
Sameer Rizvi,51,28.0,54.90196078431373
Shivam Mavi,51,28.0,54.90196078431373
CL White,971,532.0,54.78887744593203
Mandeep Singh,1706,932.0,54.630715123094966
AM Rahane,4642,2534.0,54.58853942266264
AR Patel,1653,902.0,54.567453115547494
T Kohli,11,6.0,54.54545454545454
HR Shokeen,66,36.0,54.54545454545454
T Henderson,11,6.0,54.54545454545454
DJ Hussey,1322,720.0,54.46293494704992
S Badrinath,1441,784.0,54.406662040249834
K Rabada,206,112.0,54.36893203883495
LA Carseldine,81,44.0,54.32098765432099
R Dhawan,210,114.0,54.285714285714285
M Markande,48,26.0,54.166666666666664
OA Shah,506,274.0,54.1501976284585
SS Prabhudessai,126,68.0,53.96825396825397
STR Binny,880,474.0,53.86363636363637
AS Rajpoot,26,14.0,53.84615384615385
MD Shanaka,26,14.0,53.84615384615385
JR Philippe,78,42.0,53.84615384615385
Y Venugopal Rao,985,530.0,53.80710659898477
JD Unadkat,197,106.0,53.80710659898477
KM Jadhav,1208,648.0,53.64238410596026
Vishnu Vinod,56,30.0,53.57142857142857
JP Faulkner,527,282.0,53.510436432637576
JL Pattinson,15,8.0,53.333333333333336
BJ Hodge,1400,746.0,53.28571428571428
LRPL Taylor,1017,540.0,53.09734513274337
KS Williamson,2132,1132.0,53.09568480300187
LH Ferguson,68,36.0,52.94117647058824
AP Dole,34,18.0,52.94117647058824
V Shankar,1115,590.0,52.91479820627802
JH Kallis,2427,1284.0,52.90482076637824
A Chopra,53,28.0,52.83018867924528
DJ Willey,53,28.0,52.83018867924528
GJ Bailey,663,350.0,52.79034690799397
Sikandar Raza,182,96.0,52.74725274725275
P Sahu,19,10.0,52.63157894736842
Gulbadin Naib,19,10.0,52.63157894736842
Shakib Al Hasan,795,418.0,52.57861635220126
SD Chitnis,99,52.0,52.52525252525253
Bipul Sharma,187,98.0,52.406417112299465
MV Boucher,394,206.0,52.28426395939086
PR Shah,92,48.0,52.17391304347826
RV Gomez,50,26.0,52.0
MK Pandey,3859,2006.0,51.98237885462555
KV Sharma,351,182.0,51.85185185185185
A Badoni,634,328.0,51.73501577287066
DB Ravi Teja,375,194.0,51.733333333333334
MG Bracewell,58,30.0,51.724137931034484
A Flintoff,62,32.0,51.61290322580645
MC Henriques,1000,516.0,51.6
R Ashwin,800,412.0,51.5
Sachin Baby,144,74.0,51.388888888888886
FY Fazal,183,94.0,51.36612021857923
MM Patel,39,20.0,51.28205128205128
CR Woakes,78,40.0,51.28205128205128
DJ Thornely,39,20.0,51.28205128205128
NK Patel,121,62.0,51.2396694214876
BB Samantray,125,64.0,51.2
DJ Hooda,1466,750.0,51.15961800818554
MK Tiwary,1695,864.0,50.97345132743363
JDP Oram,106,54.0,50.943396226415096
R Bhatia,342,174.0,50.877192982456144
AL Menaria,401,204.0,50.87281795511222
RA Jadeja,2959,1502.0,50.760392024332546
SPD Smith,2495,1264.0,50.66132264529058
AM Nayar,672,340.0,50.595238095238095
AK Markram,995,502.0,50.45226130653266
IK Pathan,1150,580.0,50.43478260869565
AJ Turner,24,12.0,50.0
DR Sams,44,22.0,50.0
Sohail Tanvir,36,18.0,50.0
KC Cariappa,24,12.0,50.0
DG Nalkande,12,6.0,50.0
Rasikh Salam,40,20.0,50.0
AC Thomas,20,10.0,50.0
RR Raje,20,10.0,50.0
Tanush Kotian,24,12.0,50.0
K Upadhyay,12,6.0,50.0
SP Goswami,293,146.0,49.829351535836174
SS Tiwary,1494,744.0,49.79919678714859
M Klinger,73,36.0,49.31506849315068
Lalit Yadav,305,150.0,49.18032786885246
I Sharma,57,28.0,49.122807017543856
MN van Wyk,167,82.0,49.101796407185624
MG Johnson,167,82.0,49.101796407185624
DJ Mitchell,351,172.0,49.002849002849004
MJ Clarke,98,48.0,48.97959183673469
A Nortje,49,24.0,48.97959183673469
S Gopal,180,88.0,48.888888888888886
Shahbaz Ahmed,536,262.0,48.88059701492538
AA Jhunjhunwala,217,106.0,48.8479262672811
AB McDonald,123,60.0,48.78048780487805
Mohammed Shami,74,36.0,48.64864864864865
MJ Santner,70,34.0,48.57142857142857
M Jansen,66,32.0,48.484848484848484
AS Raut,194,94.0,48.45360824742268
MN Samuels,161,78.0,48.4472049689441
MM Sharma,124,60.0,48.38709677419355
AD Mathews,724,350.0,48.34254143646409
KS Bharat,199,96.0,48.24120603015075
JP Duminy,2029,978.0,48.20108427796944
Washington Sundar,378,182.0,48.148148148148145
M Kaif,259,124.0,47.87644787644788
Z Khan,117,56.0,47.863247863247864
Iqbal Abdulla,88,42.0,47.72727272727273
DE Bollinger,21,10.0,47.61904761904761
Azmatullah Omarzai,42,20.0,47.61904761904761
Anirudh Singh,63,30.0,47.61904761904761
S Aravind,59,28.0,47.45762711864407
RS Bopara,531,252.0,47.45762711864407
PWH de Silva,72,34.0,47.22222222222222
Harpreet Singh,123,58.0,47.15447154471545
JEC Franklin,327,154.0,47.09480122324159
JA Richardson,17,8.0,47.05882352941176
R Rampaul,51,24.0,47.05882352941176
Y Nagar,285,134.0,47.01754385964912
TG Southee,120,56.0,46.666666666666664
SK Warne,198,92.0,46.464646464646464
DL Vettori,121,56.0,46.28099173553719
Mustafizur Rahman,13,6.0,46.15384615384615
Arjun Tendulkar,13,6.0,46.15384615384615
AS Roy,26,12.0,46.15384615384615
DR Shorey,13,6.0,46.15384615384615
S Rana,91,42.0,46.15384615384615
KJ Abbott,13,6.0,46.15384615384615
AP Majumdar,87,40.0,45.97701149425287
R Sathish,270,124.0,45.925925925925924
AB Agarkar,179,82.0,45.81005586592179
TA Boult,83,38.0,45.78313253012048
N Saini,140,64.0,45.714285714285715
TK Curran,127,58.0,45.66929133858268
J Botha,409,186.0,45.47677261613692
M Manhas,514,232.0,45.13618677042802
B Kumar,306,138.0,45.09803921568628
RV Patel,80,36.0,45.0
SB Bangar,49,22.0,44.89795918367347
Kuldeep Yadav,183,82.0,44.80874316939891
DT Christian,460,206.0,44.78260869565218
RR Powar,67,30.0,44.776119402985074
R Vinay Kumar,310,138.0,44.516129032258064
Naveen-ul-Haq,18,8.0,44.44444444444444
AA Noffke,9,4.0,44.44444444444444
AD Nath,90,40.0,44.44444444444444
Joginder Sharma,36,16.0,44.44444444444444
K Kartikeya,9,4.0,44.44444444444444
AS Joseph,27,12.0,44.44444444444444
DW Steyn,167,74.0,44.31137724550898
SB Styris,131,58.0,44.274809160305345
PA Reddy,164,72.0,43.90243902439025
A Nehra,41,18.0,43.90243902439025
SW Tait,23,10.0,43.47826086956522
PK Garg,273,118.0,43.223443223443226
KB Arun Karthik,51,22.0,43.13725490196079
AC Voges,181,78.0,43.0939226519337
SK Trivedi,42,18.0,42.857142857142854
G Coetzee,14,6.0,42.857142857142854
SB Jakati,28,12.0,42.857142857142854
Vijaykumar Vyshak,14,6.0,42.857142857142854
SP Jackson,61,26.0,42.62295081967213
Yashpal Singh,47,20.0,42.5531914893617
P Ray Barman,19,8.0,42.10526315789473
R Shukla,19,8.0,42.10526315789473
MA Starc,105,44.0,41.904761904761905
RR Sarwan,73,30.0,41.0958904109589
A Mishra,381,154.0,40.419947506561684
M Ashwin,35,14.0,40.0
KAJ Roach,10,4.0,40.0
VR Aaron,50,20.0,40.0
J Theron,10,4.0,40.0
JE Root,10,4.0,40.0
AG Murtaza,10,4.0,40.0
A Choudhary,25,10.0,40.0
M Rawat,55,22.0,40.0
MC Juneja,125,50.0,40.0
JDS Neesham,92,36.0,39.130434782608695
R McLaren,159,62.0,38.9937106918239
Anureet Singh,36,14.0,38.88888888888889
KW Richardson,36,14.0,38.88888888888889
L Balaji,36,14.0,38.88888888888889
T Taibu,31,12.0,38.70967741935484
S Sriram,31,12.0,38.70967741935484
Shoaib Malik,52,20.0,38.46153846153847
DS Kulkarni,104,40.0,38.46153846153847
DJ Malan,26,10.0,38.46153846153847
JM Kemp,26,10.0,38.46153846153847
JJ Bumrah,68,26.0,38.23529411764706
B Indrajith,21,8.0,38.095238095238095
CJ Jordan,81,30.0,37.03703703703704
CJ Ferguson,98,36.0,36.734693877551024
Navdeep Saini,33,12.0,36.36363636363637
DNT Zoysa,11,4.0,36.36363636363637
HE van der Dussen,22,8.0,36.36363636363637
RA Bawa,11,4.0,36.36363636363637
P Dogra,127,46.0,36.22047244094488
RJ Harris,117,42.0,35.8974358974359
RT Ponting,91,32.0,35.16483516483517
J Yadav,40,14.0,35.0
P Dubey,23,8.0,34.78260869565217
GH Vihari,284,98.0,34.50704225352113
B Sumanth,35,12.0,34.285714285714285
A Kumble,35,12.0,34.285714285714285
WD Parnell,65,22.0,33.84615384615385
AR Bawne,12,4.0,33.33333333333333
DAJ Bracewell,12,4.0,33.33333333333333
Karanveer Singh,12,4.0,33.33333333333333
AD Mascarenhas,79,26.0,32.91139240506329
WPUJC Vaas,81,26.0,32.098765432098766
CV Varun,25,8.0,32.0
IR Jaggi,76,24.0,31.57894736842105
NT Ellis,19,6.0,31.57894736842105
Basil Thampi,32,10.0,31.25
Kartik Tyagi,13,4.0,30.76923076923077
AB Dinda,26,8.0,30.76923076923077
DT Patil,13,4.0,30.76923076923077
M Kartik,113,34.0,30.08849557522124
Sandeep Sharma,54,16.0,29.629629629629626
AA Bilakhia,69,20.0,28.985507246376812
FA Allen,14,4.0,28.57142857142857
RP Singh,52,14.0,26.923076923076923
GR Napier,15,4.0,26.666666666666668
A Zampa,15,4.0,26.666666666666668
Virat Singh,15,4.0,26.666666666666668
AF Milne,23,6.0,26.08695652173913
NS Naik,31,8.0,25.806451612903224
YV Dhull,16,4.0,25.0
KS Sharma,16,4.0,25.0
Ravi Bishnoi,32,8.0,25.0
Parvez Rasool,17,4.0,23.52941176470588
NL McCullum,26,6.0,23.076923076923077
PV Tambe,18,4.0,22.22222222222222
JR Hazlewood,19,4.0,21.052631578947366
A Mukund,19,4.0,21.052631578947366
DR Martyn,19,4.0,21.052631578947366
S Nadeem,39,8.0,20.51282051282051
S Kaul,20,4.0,20.0
M Muralitharan,20,4.0,20.0
AT Carey,32,6.0,18.75
KL Nagarkoti,22,4.0,18.181818181818183
GB Hogg,22,4.0,18.181818181818183
PJ Sangwan,26,4.0,15.384615384615385
WA Mota,56,8.0,14.285714285714285
CRD Fernando,4,0.0,0.0
Pankaj Singh,7,0.0,0.0
M de Lange,1,0.0,0.0
RJW Topley,3,0.0,0.0
RK Bhui,10,0.0,0.0
M Prasidh Krishna,9,0.0,0.0
Jaskaran Singh,8,0.0,0.0
A Singh,2,0.0,0.0
VS Yeligati,2,0.0,0.0
VG Arora,9,0.0,0.0
V Viyaskanth,7,0.0,0.0
VY Mahesh,15,0.0,0.0
A Chandila,4,0.0,0.0
X Thalaivan Sargunam,10,0.0,0.0
YS Chahal,37,0.0,0.0
D Ferreira,8,0.0,0.0
A Uniyal,4,0.0,0.0
KA Maharaj,1,0.0,0.0
TM Srivastava,8,0.0,0.0
D Kalyankrishna,3,0.0,0.0
D du Preez,10,0.0,0.0
RG More,2,0.0,0.0
RJ Gleeson,2,0.0,0.0
R Ninan,3,0.0,0.0
SMSM Senanayake,10,0.0,0.0
Kamran Khan,3,0.0,0.0
SM Harwood,9,0.0,0.0
Abdul Basith,1,0.0,0.0
SJ Srivastava,5,0.0,0.0
Akash Madhwal,4,0.0,0.0
KK Ahmed,1,0.0,0.0
SE Bond,1,0.0,0.0
SB Wagh,2,0.0,0.0
H Das,2,0.0,0.0
IS Sodhi,7,0.0,0.0
DJ Muthuswami,1,0.0,0.0
LB Williams,1,0.0,0.0
LE Plunkett,1,0.0,0.0
SB Joshi,6,0.0,0.0
HF Gurney,1,0.0,0.0
PP Ojha,16,0.0,0.0
PSP Handscomb,6,0.0,0.0
BAW Mendis,3,0.0,0.0
S Badree,13,0.0,0.0
RS Gavaskar,2,0.0,0.0
CJ McKay,8,0.0,0.0
CK Kapugedera,16,0.0,0.0
Harshit Rana,2,0.0,0.0
S Tyagi,3,0.0,0.0
BR Sharath,2,0.0,0.0
S Randiv,2,0.0,0.0
Kumar Kushagra,3,0.0,0.0
B Laughlin,5,0.0,0.0
GC Viljoen,3,0.0,0.0
GHS Garton,2,0.0,0.0
BE Hendricks,1,0.0,0.0
BB Sran,10,0.0,0.0
BMAJ Mendis,23,0.0,0.0
KP Appanna,2,0.0,0.0
Shoaib Akhtar,2,0.0,0.0
JP Behrendorff,6,0.0,0.0
Simarjeet Singh,7,0.0,0.0
T Natarajan,3,0.0,0.0
JE Taylor,3,0.0,0.0
SZ Mulani,1,0.0,0.0
PM Sarvesh Kumar,1,0.0,0.0
P Awana,5,0.0,0.0
P Parameswaran,1,0.0,0.0
MJ Suthar,1,0.0,0.0
Shivam Singh,2,0.0,0.0
Shoaib Ahmed,1,0.0,0.0
T Shamsi,2,0.0,0.0
Fazalhaq Farooqi,3,0.0,0.0
Mukesh Kumar,10,0.0,0.0
Mohammad Ashraful,2,0.0,0.0
Younis Khan,3,0.0,0.0
Mashrafe Mortaza,2,0.0,0.0
DP Nannes,4,0.0,0.0
DP Vijaykumar,1,0.0,0.0
NJ Rimmington,1,0.0,0.0
Mohit Rathee,1,0.0,0.0
Mohammad Asif,3,0.0,0.0
FH Edwards,4,0.0,0.0
TD Paine,10,0.0,0.0
T Thushara,12,0.0,0.0
A Kamboj,2,0.0,0.0
A Dananjaya,4,0.0,0.0
Abdur Razzak,0,0.0,
C Nanda,0,0.0,
IC Pandey,0,0.0,
JL Denly,0,0.0,
K Yadav,0,0.0,
KM Asif,0,0.0,
KR Sen,0,0.0,
L Ablish,0,0.0,
Mayank Dagar,0,0.0,
ND Doshi,0,0.0,
R Sanjay Yadav,0,0.0,
RP Meredith,0,0.0,
RR Bhatkal,0,0.0,
S Kaushik,0,0.0,
S Ladda,0,0.0,
S Lamichhane,0,0.0,
SS Cottrell,0,0.0,
Sunny Gupta,0,0.0,
U Kaul,0,0.0,
V Pratap Singh,0,0.0,
Y Prithvi Raj,0,0.0,
YA Abdulla,0,0.0,
Yash Dayal,0,0.0,
