match_id,batter,batsman_runs,player_of_match,is_top_scorer
335982,BB McCullum,158,BB McCullum,True
335983,MEK Hussey,116,MEK Hussey,True
335984,G Gambhir,58,MF Maharoof,False
335985,RV Uthappa,48,MV Boucher,False
335986,DJ Hussey,38,DJ Hussey,True
335987,SR Watson,76,SR Watson,True
335988,V Sehwag,94,V Sehwag,True
335989,ML Hayden,81,ML Hayden,True
335990,A Symonds,117,YK Pathan,False
335991,KC Sangakkara,94,KC Sangakkara,True
335992,SR Watson,61,SR Watson,True
335993,ML Hayden,70,JDP Oram,False
335994,AC Gilchrist,109,AC Gilchrist,True
335995,SM Katich,75,SM Katich,True
335996,MS Dhoni,65,MS Dhoni,True
335997,DJ Bravo,64,ST Jayasuriya,False
335998,G Gambhir,86,GD McGrath,False
335999,SE Marsh,84,SE Marsh,True
336000,SA Asnodkar,60,SA Asnodkar,True
336001,V Sehwag,71,V Sehwag,True
336002,HH Gibbs,47,R Vinay Kumar,False
336003,DJ Hussey,71,IK Pathan,False
336004,V Sehwag,40,SM Pollock,False
336005,JA Morkel,42,Sohail Tanvir,False
336006,R Dravid,66,S Sreesanth,False
336007,AC Gilchrist,54,AC Gilchrist,True
336008,SA Asnodkar,39,A Nehra,False
336009,G Gambhir,80,MS Dhoni,False
336010,MV Boucher,50,SC Ganguly,False
336011,YK Pathan,68,YK Pathan,True
336012,ST Jayasuriya,54,CRD Fernando,False
336013,S Badrinath,64,L Balaji,False
336014,SC Ganguly,91,SC Ganguly,True
336015,SR Watson,74,SR Watson,True
336016,SE Marsh,74,SE Marsh,True
336017,Salman Butt,48,Shoaib Akhtar,False
336018,ST Jayasuriya,114,ST Jayasuriya,True
336019,SE Marsh,115,SE Marsh,True
336020,G Gambhir,79,A Mishra,False
336021,ST Jayasuriya,48,SM Pollock,False
336022,V Sehwag,51,DPMD Jayawardene,False
336023,GC Smith,75,GC Smith,True
336024,Y Venugopal Rao,57,DJ Bravo,False
336025,Salman Butt,73,M Ntini,False
336026,SP Goswami,52,SP Goswami,True
336027,YK Pathan,48,YK Pathan,True
336028,SE Marsh,81,SE Marsh,True
336029,R Dravid,47,A Kumble,False
336031,SE Marsh,60,SE Marsh,True
336032,ST Jayasuriya,66,KD Karthik,False
336033,GC Smith,91,JA Morkel,False
336034,RG Sharma,57,P Kumar,False
336035,SC Ganguly,86,Umar Gul,False
336036,NK Patel,40,Sohail Tanvir,False
336037,SK Raina,54,SK Raina,True
336038,SR Watson,52,SR Watson,True
336039,SK Raina,55,M Ntini,False
336040,YK Pathan,56,YK Pathan,True
392181,SR Tendulkar,59,SR Tendulkar,True
392182,R Dravid,66,R Dravid,True
392183,K Goel,38,DL Vettori,False
392184,HH Gibbs,43,RP Singh,False
392185,ML Hayden,65,M Muralitharan,False
392186,CH Gayle,44,CH Gayle,True
392188,AC Gilchrist,71,AC Gilchrist,True
392189,AB de Villiers,105,AB de Villiers,True
392190,YK Pathan,60,YK Pathan,True
392191,RS Bopara,84,RS Bopara,True
392192,HH Gibbs,58,PP Ojha,False
392194,TM Dilshan,67,TM Dilshan,True
392195,KC Sangakkara,60,KC Sangakkara,True
392196,HH Gibbs,69,HH Gibbs,True
392197,SR Tendulkar,68,SR Tendulkar,True
392198,YK Pathan,62,YK Pathan,True
392199,MN van Wyk,43,MV Boucher,False
392200,JP Duminy,59,KC Sangakkara,False
392201,TM Dilshan,52,DP Nannes,False
392202,SK Raina,98,SK Raina,True
392203,BJ Hodge,73,JP Duminy,False
392204,Yuvraj Singh,50,Yuvraj Singh,True
392205,TL Suman,41,YK Pathan,False
392206,KD Karthik,52,SB Jakati,False
392207,BJ Hodge,70,DPMD Jayawardene,False
392208,JH Kallis,69,JH Kallis,True
392209,MS Dhoni,58,MS Dhoni,True
392210,GC Smith,77,GC Smith,True
392211,MN van Wyk,74,G Gambhir,False
392212,JP Duminy,52,RG Sharma,False
392213,NV Ojha,52,A Singh,False
392214,ML Hayden,89,ML Hayden,True
392215,AB de Villiers,50,A Nehra,False
392216,A Symonds,60,DPMD Jayawardene,False
392217,S Badrinath,59,S Badrinath,True
392218,AM Rahane,62,JP Duminy,False
392219,SC Ganguly,44,A Mishra,False
392220,DR Smith,47,DR Smith,True
392221,BB McCullum,84,LRPL Taylor,False
392222,DJ Bravo,70,Harbhajan Singh,False
392223,AC Gilchrist,64,R Bhatia,False
392224,ML Hayden,60,LRPL Taylor,False
392225,RJ Quiney,51,SK Warne,False
392226,KC Sangakkara,43,B Lee,False
392227,JP Duminy,62,ML Hayden,False
392228,BJ Hodge,48,RG Sharma,False
392229,KC Sangakkara,56,Yuvraj Singh,False
392230,AB de Villiers,79,AB de Villiers,True
392231,BB McCullum,81,BJ Hodge,False
392232,JH Kallis,58,JH Kallis,True
392233,LR Shukla,48,LR Shukla,True
392234,PA Patel,32,M Muralitharan,False
392235,AM Rahane,56,V Sehwag,False
392236,MK Pandey,114,MK Pandey,True
392237,AC Gilchrist,85,AC Gilchrist,True
392238,MK Pandey,48,MK Pandey,True
392239,HH Gibbs,53,A Kumble,False
419106,AD Mathews,65,AD Mathews,True
419107,YK Pathan,100,YK Pathan,True
419108,G Gambhir,72,G Gambhir,True
419109,JH Kallis,65,MK Tiwary,False
419110,A Symonds,50,WPUJC Vaas,False
419111,V Sehwag,75,V Sehwag,True
419112,JH Kallis,89,JH Kallis,True
419113,MS Dhoni,66,MS Dhoni,True
419114,SR Tendulkar,63,SR Tendulkar,True
419115,JH Kallis,44,JH Kallis,True
419116,ML Hayden,93,ML Hayden,True
419117,IK Pathan,60,A Symonds,False
419118,AA Jhunjhunwala,45,AA Jhunjhunwala,True
419119,JH Kallis,66,JH Kallis,True
419120,DA Warner,57,A Symonds,False
419121,PA Patel,57,J Theron,False
419122,CH Gayle,75,SR Tendulkar,False
419123,RV Uthappa,68,RV Uthappa,True
419124,AC Voges,45,AC Voges,True
419125,SK Raina,83,SR Tendulkar,False
419126,YK Pathan,73,YK Pathan,True
419127,MK Tiwary,75,MK Tiwary,True
419128,KM Jadhav,50,KM Jadhav,True
419129,NV Ojha,80,NV Ojha,True
419130,SR Tendulkar,55,Harbhajan Singh,False
419131,DA Warner,107,DA Warner,True
419132,SE Marsh,57,SL Malinga,False
419133,M Vijay,78,M Vijay,True
419134,KD Karthik,69,KD Karthik,True
419135,SC Ganguly,88,SC Ganguly,True
419136,KP Pietersen,66,KP Pietersen,True
419137,M Vijay,127,M Vijay,True
419138,AT Rayudu,55,AT Rayudu,True
419139,DPMD Jayawardene,110,DPMD Jayawardene,True
419140,PD Collingwood,75,PD Collingwood,True
419141,RG Sharma,73,SK Warne,False
419142,SR Tendulkar,45,SK Raina,False
419143,MJ Lumb,83,MJ Lumb,True
419144,V Sehwag,64,SC Ganguly,False
419145,TL Suman,78,TL Suman,True
419146,KC Sangakkara,56,KC Sangakkara,True
419147,TL Suman,55,RJ Harris,False
419148,R Dravid,52,R Vinay Kumar,False
419149,DPMD Jayawardene,38,PP Chawla,False
419150,SR Tendulkar,89,SR Tendulkar,True
419151,RG Sharma,51,Harmeet Singh,False
419152,KA Pollard,45,KA Pollard,True
419153,SK Raina,78,R Ashwin,False
419154,KP Pietersen,62,KP Pietersen,True
419155,G Gambhir,57,G Gambhir,True
419156,DPMD Jayawardene,93,RG Sharma,False
419157,AT Rayudu,46,R McLaren,False
419158,SC Ganguly,75,JD Unadkat,False
419159,SE Marsh,88,MS Dhoni,False
419160,A Symonds,54,A Symonds,True
419161,BB McCullum,57,M Kartik,False
419162,SS Tiwary,52,KA Pollard,False
419163,S Badrinath,37,DE Bollinger,False
419164,Anirudh Singh,40,A Kumble,False
419165,SK Raina,57,SK Raina,True
501198,S Anirudha,64,S Anirudha,True
501199,J Botha,67,SK Trivedi,False
501200,AB de Villiers,54,AB de Villiers,True
501201,SR Tendulkar,46,SL Malinga,False
501202,R McLaren,51,SB Wagh,False
501203,JH Kallis,53,JH Kallis,True
501204,Y Venugopal Rao,60,SK Warne,False
501205,AT Rayudu,63,SR Tendulkar,False
501206,PC Valthaty,120,PC Valthaty,True
501207,RA Jadeja,47,MD Mishra,False
501208,V Kohli,71,DW Steyn,False
501209,JH Kallis,80,G Gambhir,False
501210,SR Tendulkar,100,BB McCullum,False
501211,MEK Hussey,83,MEK Hussey,True
501212,PC Valthaty,75,PC Valthaty,True
501213,Yuvraj Singh,66,Yuvraj Singh,True
501214,G Gambhir,35,L Balaji,False
501215,SK Raina,50,BB McCullum,False
501216,S Sohal,62,S Sohal,True
501218,RV Uthappa,45,MM Patel,False
501219,MK Tiwary,46,DPMD Jayawardene,False
501220,SE Marsh,71,SE Marsh,True
501221,RG Sharma,87,Harbhajan Singh,False
501222,CH Gayle,102,CH Gayle,True
501223,SE Marsh,95,DA Warner,False
501224,RG Sharma,56,SL Malinga,False
501225,SR Watson,49,SK Warne,False
501226,MEK Hussey,61,MEK Hussey,True
501227,V Kohli,56,V Kohli,True
501228,S Badrinath,63,DE Bollinger,False
501229,KC Sangakkara,65,I Sharma,False
501230,MK Tiwary,61,MK Tiwary,True
501231,J Botha,45,J Botha,True
501232,V Kohli,67,V Kohli,True
501233,V Sehwag,80,V Sehwag,True
501234,G Gambhir,45,Iqbal Abdulla,False
501235,LRPL Taylor,47,LRPL Taylor,True
501236,SK Raina,59,JA Morkel,False
501237,SE Marsh,61,KA Pollard,False
501238,Y Venugopal Rao,40,P Parameswaran,False
501239,S Dhawan,54,YK Pathan,False
501240,MEK Hussey,79,MEK Hussey,True
501241,MK Pandey,59,R Sharma,False
501242,EJG Morgan,66,BJ Hodge,False
501243,V Sehwag,119,V Sehwag,True
501244,CH Gayle,107,CH Gayle,True
501245,S Badrinath,54,Iqbal Abdulla,False
501246,AT Rayudu,59,AT Rayudu,True
501247,TM Dilshan,52,CH Gayle,False
501248,Yuvraj Singh,35,R Sharma,False
501249,M Vijay,53,M Vijay,True
501250,MK Pandey,49,MR Marsh,False
501251,SE Marsh,43,BA Bhatt,False
501252,CH Gayle,70,S Aravind,False
501253,MS Dhoni,63,MS Dhoni,True
501254,DPMD Jayawardene,76,KD Karthik,False
501255,CH Gayle,38,CH Gayle,True
501256,SR Tendulkar,37,A Mishra,False
501257,PC Valthaty,62,PP Chawla,False
501258,BJ Hodge,33,BJ Hodge,True
501259,MR Marsh,37,A Mishra,False
501260,AC Gilchrist,106,AC Gilchrist,True
501261,BJ Hodge,51,WP Saha,False
501262,G Gambhir,54,YK Pathan,False
501263,SR Watson,89,SR Watson,True
501264,S Dhawan,95,S Dhawan,True
501265,DA Warner,19,,False
501266,CH Gayle,75,CH Gayle,True
501267,JH Kallis,59,JEC Franklin,False
501268,SK Raina,73,SK Raina,True
501269,RN ten Doeschate,70,MM Patel,False
501270,CH Gayle,89,CH Gayle,True
501271,M Vijay,95,M Vijay,True
548306,RE Levi,50,RE Levi,True
548307,IK Pathan,42,IK Pathan,True
548308,SPD Smith,39,SPD Smith,True
548309,AM Rahane,98,AM Rahane,True
548310,AB de Villiers,64,AB de Villiers,True
548311,RA Jadeja,48,RA Jadeja,True
548312,MK Tiwary,59,BJ Hodge,False
548313,MN Samuels,46,MN Samuels,True
548314,RG Sharma,73,RG Sharma,True
548315,G Gambhir,64,L Balaji,False
548316,KP Pietersen,43,M Morkel,False
548317,OA Shah,76,KA Pollard,False
548318,F du Plessis,71,F du Plessis,True
548319,SE Marsh,64,AD Mascarenhas,False
548320,JH Kallis,31,Shakib Al Hasan,False
548321,KP Pietersen,103,KP Pietersen,True
548322,JD Ryder,73,JD Ryder,True
548323,Mandeep Singh,38,SP Narine,False
548324,AM Rahane,103,AM Rahane,True
548325,Harbhajan Singh,33,S Nadeem,False
548326,JP Duminy,58,BJ Hodge,False
548327,CH Gayle,81,CH Gayle,True
548328,G Gambhir,66,G Gambhir,True
548329,DA Warner,109,DA Warner,True
548330,F du Plessis,58,KMDN Kulasekara,False
548331,CH Gayle,87,CH Gayle,True
548332,F du Plessis,73,F du Plessis,True
548333,JD Ryder,86,SC Ganguly,False
548334,JEC Franklin,79,SE Marsh,False
548335,S Dhawan,50,B Lee,False
548336,TM Dilshan,76,AB de Villiers,False
548337,V Sehwag,87,V Sehwag,True
548339,DJ Hussey,68,AT Rayudu,False
548341,CL White,78,CL White,True
548342,V Sehwag,73,V Sehwag,True
548343,Mandeep Singh,56,Mandeep Singh,True
548344,G Gambhir,93,G Gambhir,True
548345,AM Rahane,84,V Sehwag,False
548346,RG Sharma,42,DW Steyn,False
548347,G Gambhir,63,G Gambhir,True
548348,KC Sangakkara,82,KC Sangakkara,True
548349,V Sehwag,73,P Negi,False
548350,CH Gayle,71,Azhar Mahmood,False
548351,M Manhas,42,SL Malinga,False
548352,CL White,77,SK Raina,False
548353,G Gambhir,56,SP Narine,False
548354,R Dravid,46,SR Watson,False
548355,SR Tendulkar,74,DR Smith,False
548356,S Dhawan,73,AB de Villiers,False
548357,BB McCullum,56,JH Kallis,False
548358,SR Watson,90,SR Watson,True
548359,Mandeep Singh,75,Mandeep Singh,True
548360,CH Gayle,82,CH Gayle,True
548361,BJ Hodge,33,BW Hilfenhaus,False
548362,CH Gayle,57,CH Gayle,True
548363,RG Sharma,109,RG Sharma,True
548364,M Vijay,48,BW Hilfenhaus,False
548365,AM Rahane,61,A Chandila,False
548366,S Dhawan,71,DJ Hussey,False
548367,AT Rayudu,81,AT Rayudu,True
548368,G Gambhir,62,MEK Hussey,False
548369,DPMD Jayawardene,56,UT Yadav,False
548370,MK Tiwary,41,SP Narine,False
548371,AC Gilchrist,64,AC Gilchrist,True
548372,CH Gayle,128,CH Gayle,True
548373,PA Reddy,42,DW Steyn,False
548374,DA Warner,79,UT Yadav,False
548375,Shakib Al Hasan,42,Shakib Al Hasan,True
548376,JP Duminy,74,DW Steyn,False
548377,DR Smith,87,DR Smith,True
548378,DPMD Jayawardene,40,YK Pathan,False
548379,MS Dhoni,51,MS Dhoni,True
548380,M Vijay,113,M Vijay,True
548381,MS Bisla,89,MS Bisla,True
597998,DPMD Jayawardene,66,SP Narine,False
597999,CH Gayle,92,CH Gayle,True
598000,NLTC Perera,30,A Mishra,False
598001,DA Warner,77,R Dravid,False
598002,KA Pollard,57,KA Pollard,True
598003,M Vohra,43,M Vohra,True
598004,V Kohli,51,GH Vihari,False
598005,EJG Morgan,51,SK Trivedi,False
598006,KD Karthik,86,KD Karthik,True
598007,MEK Hussey,86,MEK Hussey,True
598008,CH Gayle,85,CH Gayle,True
598009,AJ Finch,64,AJ Finch,True
598010,KM Jadhav,30,A Mishra,False
598011,RG Sharma,62,RG Sharma,True
598012,AB de Villiers,64,RA Jadeja,False
598013,G Gambhir,53,G Gambhir,True
598014,DJ Hussey,41,JP Faulkner,False
598015,AJ Finch,67,SPD Smith,False
598016,G Gambhir,60,MS Gony,False
598017,V Kohli,65,V Kohli,True
598018,BB Samantray,37,A Mishra,False
598019,AM Rahane,68,AM Rahane,True
598020,MEK Hussey,65,MEK Hussey,True
598021,GH Vihari,46,GH Vihari,True
598022,MEK Hussey,40,RA Jadeja,False
598023,CH Gayle,49,R Vinay Kumar,False
598024,V Sehwag,95,V Sehwag,True
598025,DA Miller,80,DA Miller,True
598026,SR Watson,101,MEK Hussey,False
598027,CH Gayle,175,CH Gayle,True
598028,BJ Rohrer,49,DA Miller,False
598029,DR Smith,62,DR Smith,True
598030,MS Dhoni,67,MS Dhoni,True
598031,MS Bisla,51,JH Kallis,False
598032,SR Watson,98,JP Faulkner,False
598033,DR Smith,50,DR Smith,True
598034,MEK Hussey,95,MEK Hussey,True
598035,DA Warner,51,DA Warner,True
598036,SV Samson,63,SV Samson,True
598037,RG Sharma,79,RG Sharma,True
598038,SK Raina,63,MS Dhoni,False
598039,S Dhawan,73,I Sharma,False
598040,DA Warner,66,DA Warner,True
598041,SK Raina,100,SK Raina,True
598042,RV Uthappa,75,AB de Villiers,False
598043,YK Pathan,49,YK Pathan,True
598044,S Dhawan,22,DJG Sammy,False
598045,AC Gilchrist,85,AC Gilchrist,True
598046,RG Sharma,39,MG Johnson,False
598047,AM Rahane,67,AM Rahane,True
598048,V Kohli,93,V Kohli,True
598049,BJ Rohrer,64,AM Rahane,False
598050,SR Tendulkar,48,SR Tendulkar,True
598051,SK Raina,99,SK Raina,True
598052,SE Marsh,77,KK Cooper,False
598053,G Gambhir,50,G Gambhir,True
598054,V Kohli,99,JD Unadkat,False
598055,RG Sharma,37,MG Johnson,False
598056,PA Patel,61,PA Patel,True
598057,JH Kallis,41,JH Kallis,True
598058,SR Watson,70,SR Watson,True
598059,DA Warner,40,Harmeet Singh,False
598060,KA Pollard,66,KA Pollard,True
598061,YK Pathan,72,MK Pandey,False
598062,MS Dhoni,58,MS Dhoni,True
598063,AP Tare,59,AP Tare,True
598064,DA Miller,101,DA Miller,True
598065,BB Samantray,55,A Mishra,False
598066,Azhar Mahmood,80,Azhar Mahmood,True
598067,AJ Finch,52,LJ Wright,False
598068,V Kohli,56,V Kohli,True
598069,YK Pathan,49,PA Patel,False
598070,MEK Hussey,86,MEK Hussey,True
598071,BJ Hodge,54,BJ Hodge,True
598072,DR Smith,62,Harbhajan Singh,False
598073,MS Dhoni,63,KA Pollard,False
729279,JH Kallis,72,JH Kallis,True
729281,JP Duminy,67,YS Chahal,False
729283,GJ Maxwell,95,GJ Maxwell,True
729285,AM Rahane,59,AM Rahane,True
729287,PA Patel,57,PA Patel,True
729289,KD Karthik,56,JP Duminy,False
729291,GJ Maxwell,89,GJ Maxwell,True
729293,SK Raina,56,SK Raina,True
729295,GJ Maxwell,95,GJ Maxwell,True
729297,DR Smith,50,RA Jadeja,False
729299,CA Lynn,45,CA Lynn,True
729301,AJ Finch,88,AJ Finch,True
729303,BB McCullum,71,MM Sharma,False
729305,SR Watson,24,PV Tambe,False
729307,V Sehwag,37,Sandeep Sharma,False
729309,M Vijay,40,M Vijay,True
729311,DR Smith,66,DR Smith,True
729313,Yuvraj Singh,35,Sandeep Sharma,False
729315,AM Rahane,72,JP Faulkner,False
729317,KA Pollard,78,B Kumar,False
733971,BB McCullum,56,RA Jadeja,False
733973,WP Saha,59,CJ Anderson,False
733975,KK Nair,73,KK Nair,True
733977,AB de Villiers,89,AB de Villiers,True
733979,RV Uthappa,65,PV Tambe,False
733981,DR Smith,79,DR Smith,True
733983,RG Sharma,59,RG Sharma,True
733985,G Gambhir,69,G Gambhir,True
733987,GJ Maxwell,90,GJ Maxwell,True
733989,S Dhawan,33,B Kumar,False
733991,DA Miller,66,Sandeep Sharma,False
733993,KD Karthik,39,DW Steyn,False
733995,AT Rayudu,59,DR Smith,False
733997,V Sehwag,72,G Gambhir,False
733999,Yuvraj Singh,83,JP Faulkner,False
734001,AJ Finch,68,AT Rayudu,False
734003,SR Watson,51,RA Jadeja,False
734005,Yuvraj Singh,68,Yuvraj Singh,True
734007,NV Ojha,79,WP Saha,False
734009,RV Uthappa,80,RV Uthappa,True
734011,AM Rahane,64,AM Rahane,True
734013,SK Raina,62,AB de Villiers,False
734015,RV Uthappa,40,UT Yadav,False
734017,LMP Simmons,62,MEK Hussey,False
734019,KD Karthik,69,AR Patel,False
734021,V Kohli,67,DA Warner,False
734023,RV Uthappa,67,RV Uthappa,True
734025,LMP Simmons,100,LMP Simmons,True
734027,RV Uthappa,83,RV Uthappa,True
734029,DA Warner,90,DA Warner,True
734031,MEK Hussey,56,MEK Hussey,True
734033,SE Marsh,40,SE Marsh,True
734035,V Kohli,73,MS Dhoni,False
734037,YK Pathan,72,YK Pathan,True
734039,KP Pietersen,58,M Vohra,False
734041,CJ Anderson,95,CJ Anderson,True
734043,RV Uthappa,42,UT Yadav,False
734045,LMP Simmons,67,SK Raina,False
734047,V Sehwag,122,V Sehwag,True
734049,WP Saha,115,MK Pandey,False
829705,RG Sharma,98,M Morkel,False
829707,JA Morkel,73,A Nehra,False
829709,JP Faulkner,46,JP Faulkner,True
829711,BB McCullum,100,BB McCullum,True
829713,CH Gayle,96,CH Gayle,True
829715,DJ Hooda,54,DJ Hooda,True
829717,Harbhajan Singh,64,GJ Bailey,False
829719,DA Warner,57,DA Warner,True
829721,SPD Smith,79,SPD Smith,True
829723,RV Uthappa,80,AD Russell,False
829725,MA Agarwal,68,MA Agarwal,True
829727,AM Rahane,62,AM Rahane,True
829729,KA Pollard,64,A Nehra,False
829731,SS Iyer,60,JP Duminy,False
829733,AD Russell,66,AD Russell,True
829735,AM Rahane,76,AM Rahane,True
829737,LMP Simmons,59,Harbhajan Singh,False
829739,G Gambhir,60,UT Yadav,False
829741,SE Marsh,77,SE Marsh,True
829743,DA Warner,91,DA Warner,True
829745,SK Raina,62,SK Raina,True
829747,SS Iyer,83,SS Iyer,True
829749,V Kohli,62,MA Starc,False
829751,LMP Simmons,51,SL Malinga,False
829753,BB McCullum,66,BB McCullum,True
829757,CH Gayle,62,VR Aaron,False
829759,DA Warner,58,TA Boult,False
829761,YK Pathan,42,PP Chawla,False
829763,AB de Villiers,57,,False
829765,RV Uthappa,39,DJ Bravo,False
829767,SS Iyer,54,NM Coulter-Nile,False
829769,SV Samson,76,AT Rayudu,False
829771,AD Russell,45,Mandeep Singh,False
829773,DA Warner,61,DA Warner,True
829775,LMP Simmons,71,LMP Simmons,True
829777,AM Rahane,91,AM Rahane,True
829779,SK Raina,52,SK Raina,True
829781,MC Henriques,41,UT Yadav,False
829783,Yuvraj Singh,57,Harbhajan Singh,False
829785,CH Gayle,117,CH Gayle,True
829787,SPD Smith,68,EJG Morgan,False
829789,PA Patel,45,HH Pandya,False
829791,AD Russell,51,AD Russell,True
829793,MC Henriques,74,MC Henriques,True
829795,AB de Villiers,133,AB de Villiers,True
829797,BB McCullum,81,RA Jadeja,False
829799,DA Miller,89,DA Warner,False
829801,SS Iyer,70,Z Khan,False
829803,WP Saha,31,AR Patel,False
829805,HH Pandya,61,HH Pandya,True
829807,MC Henriques,57,V Kohli,False
829809,F du Plessis,55,P Negi,False
829811,SR Watson,104,SR Watson,True
829813,Q de Kock,69,,False
829815,PA Patel,51,MJ McClenaghan,False
829817,LMP Simmons,65,KA Pollard,False
829819,AB de Villiers,66,AB de Villiers,True
829821,MEK Hussey,56,A Nehra,False
829823,LMP Simmons,68,RG Sharma,False
980901,AM Rahane,66,AM Rahane,True
980903,G Gambhir,38,AD Russell,False
980905,AJ Finch,74,AJ Finch,True
980907,AB de Villiers,82,AB de Villiers,True
980909,RG Sharma,84,RG Sharma,True
980911,F du Plessis,69,AJ Finch,False
980913,Q de Kock,59,A Mishra,False
980915,G Gambhir,90,G Gambhir,True
980917,AJ Finch,67,AJ Finch,True
980919,F du Plessis,67,M Vohra,False
980921,Q de Kock,108,Q de Kock,True
980923,DA Warner,90,DA Warner,True
980925,SE Marsh,56,RV Uthappa,False
980927,RG Sharma,62,RG Sharma,True
980929,SK Raina,75,B Kumar,False
980931,AB de Villiers,83,AB de Villiers,True
980933,RG Sharma,65,SV Samson,False
980935,DA Warner,59,Mustafizur Rahman,False
980937,V Kohli,100,V Kohli,True
980939,AM Rahane,67,SA Yadav,False
980941,PA Patel,81,PA Patel,True
980943,S Dhawan,56,AB Dinda,False
980945,CH Morris,82,CH Morris,True
980947,RG Sharma,68,RG Sharma,True
980949,SPD Smith,101,DR Smith,False
980951,RV Uthappa,72,CR Brathwaite,False
980953,DA Warner,92,DA Warner,True
980955,M Vijay,55,AR Patel,False
980957,RG Sharma,85,RG Sharma,True
980959,YK Pathan,60,AD Russell,False
980961,RR Pant,69,RR Pant,True
980963,RV Uthappa,70,AD Russell,False
980965,AM Rahane,63,AM Rahane,True
980967,AJ Finch,51,B Kumar,False
980969,V Kohli,108,V Kohli,True
980971,MP Stoinis,52,MP Stoinis,True
980973,S Dhawan,82,A Nehra,False
980975,Shakib Al Hasan,66,P Kumar,False
980977,M Vijay,89,SR Watson,False
980979,GJ Bailey,34,A Zampa,False
980981,KL Rahul,68,KH Pandya,False
980983,DA Warner,46,CH Morris,False
980985,WP Saha,56,MP Stoinis,False
980987,AB de Villiers,129,AB de Villiers,True
980989,YK Pathan,37,YK Pathan,True
980991,HM Amla,96,HM Amla,True
980993,KH Pandya,86,KH Pandya,True
980995,V Kohli,75,V Kohli,True
980997,AM Rahane,42,AB Dinda,False
980999,V Kohli,113,V Kohli,True
981001,SK Raina,53,DR Smith,False
981003,KK Nair,83,KK Nair,True
981005,MS Dhoni,64,MS Dhoni,True
981007,N Rana,70,SK Raina,False
981009,YK Pathan,52,YK Pathan,True
981011,Q de Kock,60,V Kohli,False
981013,AB de Villiers,79,AB de Villiers,True
981015,Yuvraj Singh,44,MC Henriques,False
981017,DA Warner,93,DA Warner,True
981019,CH Gayle,76,BCJ Cutting,False
1082591,Yuvraj Singh,62,Yuvraj Singh,True
1082592,SPD Smith,84,SPD Smith,True
1082593,CA Lynn,93,CA Lynn,True
1082594,BA Stokes,50,GJ Maxwell,False
1082595,KM Jadhav,69,KM Jadhav,True
1082596,DA Warner,76,Rashid Khan,False
1082597,MK Pandey,81,N Rana,False
1082598,AB de Villiers,89,AR Patel,False
1082599,SV Samson,102,SV Samson,True
1082600,DA Warner,49,JJ Bumrah,False
1082601,G Gambhir,72,SP Narine,False
1082602,KA Pollard,70,KA Pollard,True
1082603,BB McCullum,49,AJ Tye,False
1082604,RV Uthappa,68,RV Uthappa,True
1082605,SW Billings,55,CJ Anderson,False
1082606,BB McCullum,64,N Rana,False
1082607,RA Tripathi,31,BA Stokes,False
1082608,MK Pandey,69,NM Coulter-Nile,False
1082609,M Vohra,95,B Kumar,False
1082610,CH Gayle,77,CH Gayle,True
1082611,KS Williamson,89,KS Williamson,True
1082612,HM Amla,104,JC Buttler,False
1082613,SK Raina,84,SK Raina,True
1082614,CH Morris,52,MJ McClenaghan,False
1082615,MS Dhoni,61,MS Dhoni,True
1082616,HM Amla,65,HM Amla,True
1082617,SP Narine,34,NM Coulter-Nile,False
1082618,RG Sharma,58,BA Stokes,False
1082620,RV Uthappa,87,RV Uthappa,True
1082621,AJ Finch,72,AJ Tye,False
1082622,G Gambhir,71,G Gambhir,True
1082623,SE Marsh,84,Rashid Khan,False
1082624,V Kohli,55,LH Ferguson,False
1082625,PA Patel,70,KH Pandya,False
1082626,MJ Guptill,50,Sandeep Sharma,False
1082627,DA Warner,126,DA Warner,True
1082628,RG Sharma,56,RG Sharma,True
1082629,BA Stokes,103,BA Stokes,True
1082630,Yuvraj Singh,70,Mohammed Shami,False
1082631,RA Tripathi,93,RA Tripathi,True
1082632,RR Pant,97,RR Pant,True
1082633,Mandeep Singh,46,Sandeep Sharma,False
1082634,Yuvraj Singh,47,JD Unadkat,False
1082635,LMP Simmons,66,LMP Simmons,True
1082636,TM Head,75,SP Narine,False
1082637,HM Amla,104,DR Smith,False
1082638,RG Sharma,67,S Dhawan,False
1082639,CA Lynn,84,MM Sharma,False
1082640,SS Iyer,96,SS Iyer,True
1082641,WP Saha,93,WP Saha,True
1082642,KK Nair,64,KK Nair,True
1082643,DA Warner,69,Mohammed Siraj,False
1082644,AT Rayudu,63,AT Rayudu,True
1082645,AM Rahane,34,JD Unadkat,False
1082646,V Kohli,58,HV Patel,False
1082647,MK Tiwary,58,Washington Sundar,False
1082648,DA Warner,37,NM Coulter-Nile,False
1082649,KH Pandya,45,KV Sharma,False
1082650,SPD Smith,51,KH Pandya,False
1136561,DJ Bravo,68,DJ Bravo,True
1136562,G Gambhir,55,KL Rahul,False
1136563,SP Narine,50,SP Narine,True
1136564,S Dhawan,78,S Dhawan,True
1136565,AD Russell,88,SW Billings,False
1136566,AM Rahane,45,SV Samson,False
1136567,S Dhawan,45,Rashid Khan,False
1136568,AB de Villiers,57,UT Yadav,False
1136569,JJ Roy,91,JJ Roy,True
1136570,KS Williamson,50,B Stanlake,False
1136571,SV Samson,92,SV Samson,True
1136572,MS Dhoni,79,CH Gayle,False
1136573,N Rana,59,N Rana,True
1136574,RG Sharma,94,RG Sharma,True
1136575,RV Uthappa,48,N Rana,False
1136576,CH Gayle,104,CH Gayle,True
1136577,SR Watson,106,SR Watson,True
1136578,CA Lynn,74,KL Rahul,False
1136579,AB de Villiers,90,AB de Villiers,True
1136580,KS Williamson,84,AT Rayudu,False
1136581,SA Yadav,72,JC Archer,False
1136582,SS Iyer,57,AS Rajpoot,False
1136583,SA Yadav,34,Rashid Khan,False
1136584,AT Rayudu,82,MS Dhoni,False
1136585,MK Pandey,54,AS Rajpoot,False
1136586,SS Iyer,93,SS Iyer,True
1136587,SK Raina,75,RG Sharma,False
1136588,AM Rahane,65,KS Williamson,False
1136589,V Kohli,68,CA Lynn,False
1136590,RR Pant,79,SR Watson,False
1136591,HH Pandya,50,TG Southee,False
1136592,RR Pant,69,RR Pant,True
1136593,Shubman Gill,57,SP Narine,False
1136594,SA Yadav,57,SA Yadav,True
1136595,PA Patel,53,RA Jadeja,False
1136596,PP Shaw,65,Rashid Khan,False
1136597,SA Yadav,59,HH Pandya,False
1136598,KL Rahul,84,Mujeeb Ur Rahman,False
1136599,KS Williamson,56,KS Williamson,True
1136600,KL Rahul,95,JC Buttler,False
1136601,Ishan Kishan,62,Ishan Kishan,True
1136602,RR Pant,128,S Dhawan,False
1136603,JC Buttler,95,JC Buttler,True
1136604,SP Narine,75,SP Narine,True
1136605,AB de Villiers,72,AB de Villiers,True
1136606,AT Rayudu,100,AT Rayudu,True
1136607,JC Buttler,94,JC Buttler,True
1136608,V Kohli,48,UT Yadav,False
1136609,CA Lynn,45,Kuldeep Yadav,False
1136610,KL Rahul,94,JJ Bumrah,False
1136611,KS Williamson,81,AB de Villiers,False
1136612,AT Rayudu,50,HV Patel,False
1136613,RA Tripathi,80,S Gopal,False
1136614,CA Lynn,55,CA Lynn,True
1136615,RR Pant,64,A Mishra,False
1136616,SK Raina,61,L Ngidi,False
1136617,F du Plessis,67,F du Plessis,True
1136618,KD Karthik,52,AD Russell,False
1136619,CA Lynn,48,Rashid Khan,False
1136620,SR Watson,117,SR Watson,True
1175356,PA Patel,29,Harbhajan Singh,False
1175357,DA Warner,85,AD Russell,False
1175358,RR Pant,78,RR Pant,True
1175359,CH Gayle,79,CH Gayle,True
1175360,S Dhawan,51,SR Watson,False
1175361,RV Uthappa,67,AD Russell,False
1175362,AB de Villiers,70,JJ Bumrah,False
1175363,SV Samson,102,Rashid Khan,False
1175364,KL Rahul,71,MA Agarwal,False
1175365,PP Shaw,99,PP Shaw,True
1175366,JM Bairstow,114,JM Bairstow,True
1175367,MS Dhoni,75,MS Dhoni,True
1175368,DA Miller,43,SM Curran,False
1175369,PA Patel,67,S Gopal,False
1175370,SA Yadav,59,HH Pandya,False
1175371,JM Bairstow,48,JM Bairstow,True
1175372,V Kohli,84,AD Russell,False
1178393,SN Khan,67,Harbhajan Singh,False
1178394,KA Pollard,46,AS Joseph,False
1178395,SS Iyer,67,K Rabada,False
1178396,SPD Smith,73,HF Gurney,False
1178397,KL Rahul,71,KL Rahul,True
1178398,AD Russell,50,DL Chahar,False
1178399,KL Rahul,100,KA Pollard,False
1178400,MS Dhoni,58,MS Dhoni,True
1178401,S Dhawan,97,S Dhawan,True
1178402,JC Buttler,89,JC Buttler,True
1178403,CH Gayle,99,AB de Villiers,False
1178404,CA Lynn,82,Imran Tahir,False
1178405,DA Warner,51,KMA Paul,False
1178406,AB de Villiers,75,SL Malinga,False
1178407,KL Rahul,52,R Ashwin,False
1178408,JM Bairstow,61,DA Warner,False
1178409,KH Pandya,37,HH Pandya,False
1178410,V Kohli,100,V Kohli,True
1178411,Q de Kock,65,SPD Smith,False
1178412,CH Gayle,69,SS Iyer,False
1178413,JM Bairstow,80,KK Ahmed,False
1178414,MS Dhoni,84,PA Patel,False
1178415,AM Rahane,105,RR Pant,False
1178416,SR Watson,96,SR Watson,True
1178417,AB de Villiers,82,AB de Villiers,True
1178418,KD Karthik,97,VR Aaron,False
1178419,RG Sharma,67,RG Sharma,True
1178420,MK Pandey,61,JD Unadkat,False
1178421,SS Iyer,52,S Dhawan,False
1178422,HH Pandya,91,AD Russell,False
1178423,DA Warner,81,DA Warner,True
1178424,SV Samson,28,,False
1178425,SK Raina,59,MS Dhoni,False
1178426,MK Pandey,72,JJ Bumrah,False
1178427,Shubman Gill,65,Shubman Gill,True
1178428,RR Pant,53,A Mishra,False
1178429,SO Hetmyer,75,SO Hetmyer,True
1178430,F du Plessis,96,KL Rahul,False
1178431,RG Sharma,55,HH Pandya,False
1181764,SA Yadav,71,SA Yadav,True
1181766,PP Shaw,56,RR Pant,False
1181767,F du Plessis,50,F du Plessis,True
1181768,SR Watson,80,JJ Bumrah,False
1216492,AT Rayudu,71,AT Rayudu,True
1216493,MA Agarwal,89,MP Stoinis,False
1216494,EJG Morgan,30,Mohammed Siraj,False
1216495,DA Warner,85,S Nadeem,False
1216496,SV Samson,74,SV Samson,True
1216497,N Rana,81,CV Varun,False
1216498,DA Warner,35,CJ Jordan,False
1216499,SA Yadav,79,SA Yadav,True
1216500,SO Hetmyer,45,R Ashwin,False
1216501,RA Tripathi,81,RA Tripathi,True
1216502,WP Saha,39,Sandeep Sharma,False
1216503,RG Sharma,70,KA Pollard,False
1216504,TK Curran,54,Shivam Mavi,False
1216505,AM Rahane,60,A Nortje,False
1216506,DJ Hooda,62,RD Gaikwad,False
1216507,MK Pandey,54,R Tewatia,False
1216508,RG Sharma,80,RG Sharma,True
1216509,S Dhawan,101,S Dhawan,True
1216510,KL Rahul,132,KL Rahul,True
1216511,SA Yadav,79,SA Yadav,True
1216512,DA Warner,47,LH Ferguson,False
1216513,F du Plessis,87,SR Watson,False
1216514,V Kohli,72,YS Chahal,False
1216515,SS Iyer,88,SS Iyer,True
1216516,PK Garg,51,PK Garg,True
1216517,KL Rahul,81,KL Rahul,True
1216518,MK Pandey,83,MK Pandey,True
1216519,MP Stoinis,53,AR Patel,False
1216520,Mandeep Singh,66,CH Gayle,False
1216521,Ishan Kishan,68,TA Boult,False
1216522,SPD Smith,57,AB de Villiers,False
1216523,KL Rahul,74,KD Karthik,False
1216524,WP Saha,87,WP Saha,True
1216525,V Kohli,90,V Kohli,True
1216526,Q de Kock,78,Q de Kock,True
1216527,MA Agarwal,106,SV Samson,False
1216528,KS Williamson,57,RA Jadeja,False
1216529,S Dhawan,69,Q de Kock,False
1216530,EJG Morgan,68,PJ Cummins,False
1216531,KL Rahul,61,KL Rahul,True
1216532,JM Bairstow,53,Rashid Khan,False
1216533,JC Buttler,70,JC Buttler,True
1216534,JM Bairstow,61,YS Chahal,False
1216535,Ishan Kishan,72,Ishan Kishan,True
1216536,N Rana,87,RD Gaikwad,False
1216537,CH Gayle,99,BA Stokes,False
1216538,Q de Kock,67,TA Boult,False
1216539,PP Shaw,64,PP Shaw,True
1216540,AB de Villiers,73,AB de Villiers,True
1216541,BA Stokes,107,BA Stokes,True
1216542,JM Bairstow,97,JM Bairstow,True
1216543,S Dhawan,57,A Nortje,False
1216544,RD Gaikwad,65,RD Gaikwad,True
1216545,Shubman Gill,70,Shubman Gill,True
1216546,S Dhawan,106,S Dhawan,True
1216547,Ishan Kishan,99,AB de Villiers,False
1237177,MP Stoinis,65,JJ Bumrah,False
1237178,AB de Villiers,56,KS Williamson,False
1237180,S Dhawan,78,MP Stoinis,False
1237181,RG Sharma,68,TA Boult,False
1254058,CA Lynn,49,HV Patel,False
1254059,S Dhawan,85,S Dhawan,True
1254060,N Rana,80,N Rana,True
1254061,SV Samson,119,SV Samson,True
1254062,N Rana,57,RD Chahar,False
1254063,GJ Maxwell,59,GJ Maxwell,True
1254064,DA Miller,62,JD Unadkat,False
1254065,M Shahrukh Khan,47,DL Chahar,False
1254066,JM Bairstow,43,KA Pollard,False
1254067,GJ Maxwell,78,AB de Villiers,False
1254068,S Dhawan,92,S Dhawan,True
1254069,JC Buttler,49,MM Ali,False
1254070,S Dhawan,45,A Mishra,False
1254071,JM Bairstow,63,JM Bairstow,True
1254072,F du Plessis,95,F du Plessis,True
1254073,D Padikkal,101,D Padikkal,True
1254074,RG Sharma,63,KL Rahul,False
1254075,SV Samson,42,CH Morris,False
1254076,RA Jadeja,62,RA Jadeja,True
1254077,KS Williamson,70,PP Shaw,False
1254078,EJG Morgan,47,EJG Morgan,True
1254079,AB de Villiers,75,AB de Villiers,True
1254080,RD Gaikwad,75,RD Gaikwad,True
1254081,Q de Kock,70,Q de Kock,True
1254082,PP Shaw,82,PP Shaw,True
1254083,KL Rahul,91,Harpreet Brar,False
1254084,KA Pollard,87,KA Pollard,True
1254085,JC Buttler,124,JC Buttler,True
1254086,MA Agarwal,99,MA Agarwal,True
1254087,Shubman Gill,48,CV Varun,False
1254088,Ishan Kishan,84,Ishan Kishan,True
1254089,RD Gaikwad,101,RD Gaikwad,True
1254090,GJ Maxwell,57,GJ Maxwell,True
1254091,RD Gaikwad,45,JR Hazlewood,False
1254092,RR Pant,39,SP Narine,False
1254093,Ishan Kishan,50,NM Coulter-Nile,False
1254094,KL Rahul,98,KL Rahul,True
1254095,JJ Roy,44,KS Williamson,False
1254096,RA Tripathi,74,SP Narine,False
1254097,SV Samson,70,SS Iyer,False
1254098,RA Tripathi,45,RA Jadeja,False
1254099,SS Tiwary,45,KA Pollard,False
1254100,SV Samson,82,JJ Roy,False
1254101,KS Bharat,78,KS Bharat,True
1254102,KL Rahul,67,KL Rahul,True
1254103,E Lewis,58,YS Chahal,False
1254104,RD Gaikwad,88,RD Gaikwad,True
1254105,SS Iyer,47,A Nortje,False
1254106,Shubman Gill,56,Shivam Mavi,False
1254107,JO Holder,47,JO Holder,True
1254108,GJ Maxwell,56,GJ Maxwell,True
1254109,Shubman Gill,57,Shubman Gill,True
1254110,AT Rayudu,55,AR Patel,False
1254111,MA Agarwal,67,Kartik Tyagi,False
1254112,SA Yadav,33,AR Patel,False
1254113,D Padikkal,70,DJ Bravo,False
1254114,RD Gaikwad,70,RD Gaikwad,True
1254115,V Kohli,39,SP Narine,False
1254116,VR Iyer,55,VR Iyer,True
1254117,F du Plessis,86,F du Plessis,True
1304047,MS Dhoni,50,UT Yadav,False
1304048,Ishan Kishan,81,Kuldeep Yadav,False
1304049,F du Plessis,88,OF Smith,False
1304050,DJ Hooda,55,Mohammed Shami,False
1304051,AK Markram,57,SV Samson,False
1304052,SE Rutherford,28,PWH de Silva,False
1304053,Q de Kock,61,E Lewis,False
1304054,AD Russell,70,UT Yadav,False
1304055,JC Buttler,100,JC Buttler,True
1304056,Shubman Gill,84,LH Ferguson,False
1304057,LS Livingstone,60,LS Livingstone,True
1304058,KL Rahul,68,Avesh Khan,False
1304059,JC Buttler,70,KD Karthik,False
1304060,PJ Cummins,56,PJ Cummins,True
1304061,Q de Kock,80,Q de Kock,True
1304062,Shubman Gill,96,Shubman Gill,True
1304063,Abhishek Sharma,75,Abhishek Sharma,True
1304064,SA Yadav,68,Anuj Rawat,False
1304065,DA Warner,61,Kuldeep Yadav,False
1304066,SO Hetmyer,59,YS Chahal,False
1304067,KS Williamson,57,KS Williamson,True
1304068,S Dube,95,S Dube,True
1304069,S Dhawan,70,MA Agarwal,False
1304070,HH Pandya,87,HH Pandya,True
1304071,RA Tripathi,71,RA Tripathi,True
1304072,KL Rahul,103,KL Rahul,True
1304073,DA Warner,66,KD Karthik,False
1304074,LS Livingstone,60,Umran Malik,False
1304075,DA Miller,94,DA Miller,True
1304076,JC Buttler,103,YS Chahal,False
1304077,F du Plessis,96,F du Plessis,True
1304078,DA Warner,60,Kuldeep Yadav,False
1304079,Tilak Varma,51,Mukesh Choudhary,False
1304080,JC Buttler,116,JC Buttler,True
1304081,HH Pandya,67,Rashid Khan,False
1304082,Abhishek Sharma,47,M Jansen,False
1304083,KL Rahul,103,KL Rahul,True
1304084,S Dhawan,88,S Dhawan,True
1304085,R Parag,56,R Parag,True
1304086,WP Saha,68,Umran Malik,False
1304087,N Rana,57,Kuldeep Yadav,False
1304088,Q de Kock,46,KH Pandya,False
1304089,V Kohli,58,R Tewatia,False
1304090,JC Buttler,67,SA Yadav,False
1304091,KL Rahul,77,Mohsin Khan,False
1304092,RD Gaikwad,99,RD Gaikwad,True
1304093,SV Samson,54,RK Singh,False
1304094,B Sai Sudharsan,65,K Rabada,False
1304095,DP Conway,56,HV Patel,False
1304096,DA Warner,92,DA Warner,True
1304097,WP Saha,55,TH David,False
1304098,YBK Jaiswal,68,YBK Jaiswal,True
1304099,Q de Kock,50,Avesh Khan,False
1304100,F du Plessis,73,PWH de Silva,False
1304101,DP Conway,87,DP Conway,True
1304102,Ishan Kishan,51,JJ Bumrah,False
1304103,Shubman Gill,63,Shubman Gill,True
1304104,MR Marsh,89,MR Marsh,True
1304105,MS Dhoni,36,DR Sams,False
1304106,LS Livingstone,70,JM Bairstow,False
1304107,AD Russell,49,AD Russell,True
1304108,WP Saha,67,WP Saha,True
1304109,DJ Hooda,59,TA Boult,False
1304110,MR Marsh,63,SN Thakur,False
1304111,RA Tripathi,76,RA Tripathi,True
1304112,Q de Kock,140,Q de Kock,True
1304113,V Kohli,73,V Kohli,True
1304114,MM Ali,93,R Ashwin,False
1304115,Ishan Kishan,48,JJ Bumrah,False
1304116,LS Livingstone,49,Harpreet Brar,False
1312197,JC Buttler,89,DA Miller,False
1312198,RM Patidar,112,RM Patidar,True
1312199,JC Buttler,106,JC Buttler,True
1312200,Shubman Gill,45,HH Pandya,False
1359475,RD Gaikwad,92,Rashid Khan,False
1359476,PBB Rajapaksa,50,Arshdeep Singh,False
1359477,KR Mayers,73,MA Wood,False
1359478,SV Samson,55,JC Buttler,False
1359479,Tilak Varma,84,F du Plessis,False
1359480,RD Gaikwad,57,MM Ali,False
1359481,B Sai Sudharsan,62,B Sai Sudharsan,True
1359482,S Dhawan,86,NT Ellis,False
1359483,SN Thakur,68,SN Thakur,True
1359484,KL Rahul,35,KH Pandya,False
1359485,JC Buttler,79,YBK Jaiswal,False
1359486,AM Rahane,61,RA Jadeja,False
1359487,VR Iyer,83,RK Singh,False
1359488,S Dhawan,99,S Dhawan,True
1359489,F du Plessis,79,N Pooran,False
1359490,RG Sharma,65,RG Sharma,True
1359491,JC Buttler,52,R Ashwin,False
1359492,Shubman Gill,67,MM Sharma,False
1359493,HC Brook,100,HC Brook,True
1359494,MK Pandey,50,V Kohli,False
1359495,KL Rahul,74,Sikandar Raza,False
1359496,VR Iyer,104,VR Iyer,True
1359497,SV Samson,60,SO Hetmyer,False
1359498,DP Conway,83,DP Conway,True
1359499,C Green,64,C Green,True
1359500,KR Mayers,51,MP Stoinis,False
1359501,F du Plessis,84,Mohammed Siraj,False
1359502,DA Warner,57,I Sharma,False
1359503,DP Conway,77,RA Jadeja,False
1359504,KL Rahul,68,MM Sharma,False
1359505,C Green,67,SM Curran,False
1359506,GJ Maxwell,77,GJ Maxwell,True
1359507,AM Rahane,71,AM Rahane,True
1359508,MA Agarwal,49,AR Patel,False
1359509,Shubman Gill,56,A Manohar,False
1359510,JJ Roy,56,CV Varun,False
1359511,YBK Jaiswal,77,YBK Jaiswal,True
1359512,MP Stoinis,72,MP Stoinis,True
1359513,Rahmanullah Gurbaz,81,J Little,False
1359514,Abhishek Sharma,67,MR Marsh,False
1359515,DP Conway,92,DP Conway,True
1359516,YBK Jaiswal,124,YBK Jaiswal,True
1359517,F du Plessis,44,F du Plessis,True
1359518,HH Pandya,59,Mohammed Shami,False
1359519,A Badoni,59,,False
1359520,LS Livingstone,82,Ishan Kishan,False
1359521,RK Singh,46,CV Varun,False
1359522,WP Saha,41,Rashid Khan,False
1359523,N Wadhera,64,M Pathirana,False
1359524,PD Salt,87,PD Salt,True
1359525,Shubman Gill,94,Shubman Gill,True
1359526,JC Buttler,95,GD Phillips,False
1359527,S Dhawan,57,AD Russell,False
1359528,SA Yadav,83,SA Yadav,True
1359529,RR Rossouw,35,RA Jadeja,False
1359530,YBK Jaiswal,98,YBK Jaiswal,True
1359531,SA Yadav,103,SA Yadav,True
1359532,PN Mankad,64,PN Mankad,True
1359533,P Simran Singh,103,P Simran Singh,True
1359534,F du Plessis,55,WD Parnell,False
1359535,N Rana,57,RK Singh,False
1359536,Shubman Gill,101,Shubman Gill,True
1359537,MP Stoinis,89,MP Stoinis,True
1359538,LS Livingstone,94,RR Rossouw,False
1359539,H Klaasen,104,V Kohli,False
1359540,D Padikkal,51,D Padikkal,True
1359541,DP Conway,87,RD Gaikwad,False
1359542,RK Singh,67,N Pooran,False
1359543,C Green,100,C Green,True
1359544,Shubman Gill,104,Shubman Gill,True
1370350,RD Gaikwad,60,RD Gaikwad,True
1370351,C Green,41,Akash Madhwal,False
1370352,Shubman Gill,129,Shubman Gill,True
1370353,B Sai Sudharsan,96,DP Conway,False
1422119,Anuj Rawat,48,Mustafizur Rahman,False
1422120,SM Curran,63,SM Curran,True
1422121,AD Russell,64,AD Russell,True
1422122,SV Samson,82,SV Samson,True
1422123,D Brevis,46,B Sai Sudharsan,False
1422124,V Kohli,77,V Kohli,True
1422125,S Dube,51,S Dube,True
1422126,H Klaasen,80,Abhishek Sharma,False
1422127,R Parag,84,R Parag,True
1422128,V Kohli,83,SP Narine,False
1422129,S Dhawan,70,MP Yadav,False
1422130,B Sai Sudharsan,45,MM Sharma,False
1422131,DA Warner,52,KK Ahmed,False
1422132,R Parag,54,TA Boult,False
1422133,Q de Kock,81,MP Yadav,False
1422134,SP Narine,85,SP Narine,True
1422135,Shubman Gill,89,Shashank Singh,False
1422136,AK Markram,50,Abhishek Sharma,False
1422137,V Kohli,113,JC Buttler,False
1422138,T Stubbs,71,R Shepherd,False
1422139,MP Stoinis,58,Yash Thakur,False
1426260,RD Gaikwad,67,RA Jadeja,False
1426261,Nithish Kumar Reddy,64,Nithish Kumar Reddy,True
1426262,R Parag,76,Rashid Khan,False
1426263,Ishan Kishan,69,JJ Bumrah,False
1426264,A Badoni,55,Kuldeep Yadav,False
1426265,YBK Jaiswal,39,SO Hetmyer,False
1426266,PD Salt,89,PD Salt,True
1426267,RG Sharma,105,M Pathirana,False
1426268,TM Head,102,TM Head,True
1426269,SP Narine,109,JC Buttler,False
1426270,Rashid Khan,31,RR Pant,False
1426271,SA Yadav,78,JJ Bumrah,False
1426272,KL Rahul,82,KL Rahul,True
1426273,TM Head,89,TM Head,True
1426274,WG Jacks,55,AD Russell,False
1426275,R Tewatia,36,R Sai Kishore,False
1426276,YBK Jaiswal,104,Sandeep Sharma,False
1426277,MP Stoinis,124,MP Stoinis,True
1426278,RR Pant,88,RR Pant,True
1426279,V Kohli,51,RM Patidar,False
1426280,JM Bairstow,108,JM Bairstow,True
1426281,J Fraser-McGurk,84,J Fraser-McGurk,True
1426282,KL Rahul,76,SV Samson,False
1426283,WG Jacks,100,WG Jacks,True
1426284,RD Gaikwad,98,RD Gaikwad,True
1426285,PD Salt,68,CV Varun,False
1426286,MP Stoinis,62,MP Stoinis,True
1426287,RD Gaikwad,62,Harpreet Brar,False
1426288,R Parag,77,B Kumar,False
1426289,VR Iyer,70,VR Iyer,True
1426290,F du Plessis,64,Mohammed Siraj,False
1426291,RA Jadeja,43,RA Jadeja,True
1426292,SP Narine,81,SP Narine,True
1426293,SA Yadav,102,SA Yadav,True
1426294,SV Samson,86,Kuldeep Yadav,False
1426295,TM Head,89,TM Head,True
1426296,V Kohli,92,V Kohli,True
1426297,Shubman Gill,104,Shubman Gill,True
1426298,VR Iyer,42,CV Varun,False
1426299,R Parag,47,Simarjeet Singh,False
1426300,AR Patel,57,C Green,False
1426302,N Pooran,61,I Sharma,False
1426303,SM Curran,63,SM Curran,True
1426305,N Pooran,75,N Pooran,True
1426306,R Ravindra,61,F du Plessis,False
1426307,P Simran Singh,71,Abhishek Sharma,False
1426309,SS Iyer,58,MA Starc,False
1426310,YBK Jaiswal,45,R Ashwin,False
1426311,Dhruv Jurel,56,Shahbaz Ahmed,False
1426312,VR Iyer,52,MA Starc,False
