batter,runs,balls,strike_rate
L Wood,9,3,300.0
B Stanlake,5,2,250.0
J Fraser-McGurk,330,150,220.00000000000003
R Sai Kishore,13,6,216.66666666666666
Umar Gul,39,19,205.26315789473685
RS Sodhi,4,2,200.0
Shahid Afridi,81,46,176.08695652173913
I Malhotra,7,4,175.0
WG Jacks,230,133,172.93233082706766
PD Salt,653,385,169.6103896103896
T Stubbs,405,239,169.4560669456067
R Shepherd,115,68,169.11764705882354
TM Head,772,458,168.5589519650655
LJ Wright,106,63,168.25396825396825
Naman Dhir,140,84,166.66666666666669
Shivam Sharma,5,3,166.66666666666669
KMDN Kulasekara,5,3,166.66666666666669
KK Cooper,116,70,165.71428571428572
AD Russell,2488,1515,164.22442244224422
Kamran Akmal,128,78,164.1025641025641
Avesh Khan,41,25,164.0
BJ Haddin,18,11,163.63636363636365
BCJ Cutting,238,146,163.013698630137
KJ Abbott,13,8,162.5
H Klaasen,993,613,161.99021207177816
Ramandeep Singh,170,106,160.37735849056605
Ashutosh Sharma,189,118,160.16949152542372
ER Dwivedi,24,15,160.0
OC McCoy,8,5,160.0
Akash Deep,19,12,158.33333333333331
TH David,659,417,158.0335731414868
D Pretorius,44,28,157.14285714285714
SB Dubey,33,21,157.14285714285714
SP Narine,1534,984,155.8943089430894
Shashank Singh,423,272,155.51470588235296
K Gowtham,247,159,155.34591194968556
N Pooran,1769,1143,154.7681539807524
LS Livingstone,939,609,154.1871921182266
Rashid Khan,545,355,153.52112676056336
R Ravindra,222,146,152.05479452054794
CR Brathwaite,181,120,150.83333333333334
Bipul Sharma,187,124,150.80645161290323
JC Archer,199,132,150.75757575757575
GJ Maxwell,2772,1842,150.4885993485342
Harmeet Singh,18,12,150.0
AUK Pathan,39,26,150.0
C Green,707,472,149.78813559322032
CH Morris,618,413,149.636803874092
RM Patidar,799,534,149.625468164794
A Raghuvanshi,163,109,149.54128440366972
Abhishek Sharma,1377,925,148.86486486486484
V Sehwag,2728,1833,148.82705946535734
AB de Villiers,5181,3487,148.58044164037855
LPC Silva,40,27,148.14814814814815
AP Dole,34,23,147.82608695652172
Abishek Porel,360,244,147.54098360655738
RR Rossouw,473,321,147.35202492211837
YBK Jaiswal,1607,1095,146.7579908675799
Dhruv Jurel,347,237,146.41350210970467
SD Hope,183,125,146.4
P Sahu,19,13,146.15384615384613
JM Sharma,730,501,145.70858283433134
SO Hetmyer,1243,854,145.5503512880562
AJ Hosein,16,11,145.45454545454547
Arjun Tendulkar,13,9,144.44444444444443
Umran Malik,23,16,143.75
RR Pant,3297,2296,143.59756097560975
PJ Cummins,515,359,143.4540389972145
Arshad Khan,96,67,143.28358208955223
PP Shaw,1892,1321,143.22482967448903
P Simran Singh,756,528,143.1818181818182
A Ashish Reddy,280,196,142.85714285714286
MF Maharoof,177,124,142.74193548387098
Misbah-ul-Haq,117,82,142.6829268292683
SA Yadav,3594,2522,142.50594766058683
JC Buttler,3583,2519,142.23898372369987
CH Gayle,4997,3516,142.1217292377702
Abdul Samad,579,408,141.91176470588235
R Powell,360,254,141.73228346456693
LH Ferguson,68,48,141.66666666666669
D Wiese,148,105,140.95238095238096
Vivrant Sharma,69,49,140.81632653061226
Mohammad Nabi,221,157,140.76433121019107
KA Pollard,3437,2447,140.45770331017573
MJ Lumb,278,198,140.4040404040404
JM Bairstow,1589,1132,140.37102473498234
TU Deshpande,21,15,140.0
V Viyaskanth,7,5,140.0
HH Pandya,2534,1814,139.69128996692393
Atharva Taide,247,177,139.54802259887003
S Dube,1502,1077,139.46146703806872
Tilak Varma,1156,830,139.27710843373492
Sunny Singh,43,31,138.70967741935485
DP Conway,924,669,138.11659192825113
YK Pathan,3222,2334,138.04627249357327
HM Amla,577,418,138.03827751196172
PBB Rajapaksa,277,201,137.81094527363186
MJ Guptill,271,197,137.56345177664974
D Salunkhe,33,24,137.5
Yudhvir Singh,22,16,137.5
KR Mayers,379,276,137.31884057971016
Nithish Kumar Reddy,303,221,137.10407239819006
RN ten Doeschate,326,238,136.9747899159664
JA Morkel,975,712,136.93820224719101
MM Ali,1162,849,136.86690223792698
MP Stoinis,1866,1366,136.60322108345534
RK Singh,893,654,136.54434250764527
CA Lynn,1329,974,136.4476386036961
I Udana,15,11,136.36363636363635
RA Tripathi,2236,1650,135.51515151515153
M Morkel,126,93,135.48387096774192
MK Lomror,527,389,135.47557840616966
DA Warner,6567,4849,135.4299855640338
SV Samson,4419,3270,135.1376146788991
DA Miller,2924,2171,134.68447719944726
SN Thakur,307,228,134.64912280701756
PVD Chameera,43,32,134.375
B Sai Sudharsan,1034,770,134.28571428571428
SR Watson,3880,2892,134.1632088520055
N Wadhera,350,261,134.09961685823754
ST Jayasuriya,768,573,134.03141361256544
M Shahrukh Khan,553,413,133.89830508474577
RD Gaikwad,2380,1781,133.63279056709715
JJ Roy,614,460,133.47826086956522
B Akhil,76,57,133.33333333333331
AN Ahmed,36,27,133.33333333333331
JPR Scantlebury-Searles,8,6,133.33333333333331
K Upadhyay,12,9,133.33333333333331
VRV Singh,4,3,133.33333333333331
DAJ Bracewell,12,9,133.33333333333331
CRD Fernando,4,3,133.33333333333331
P Chopra,8,6,133.33333333333331
F du Plessis,4571,3435,133.07132459970887
AC Gilchrist,2069,1555,133.05466237942122
MS Dhoni,5243,3947,132.8350646060299
JR Hopes,417,314,132.80254777070064
Ishan Kishan,2644,1991,132.79758915118032
VR Iyer,1326,1000,132.6
SK Raina,5536,4177,132.53531242518554
C de Grandhomme,303,229,132.31441048034935
DR Smith,2385,1803,132.27953410981698
Shubman Gill,3216,2432,132.23684210526315
BJ Rohrer,193,146,132.1917808219178
KP Pietersen,1001,758,132.05804749340368
ML Hayden,1107,839,131.94278903456495
AC Blizzard,120,91,131.86813186813185
KD Karthik,4843,3687,131.35340385136968
SM Curran,883,673,131.2035661218425
DL Chahar,80,61,131.14754098360655
Q de Kock,3160,2410,131.12033195020746
E Lewis,654,499,131.06212424849699
KL Rahul,4689,3578,131.05086640581328
Harbhajan Singh,833,636,130.9748427672956
N Rana,2636,2015,130.81885856079404
A Mithun,34,26,130.76923076923077
D Brevis,230,176,130.6818181818182
MS Gony,99,76,130.26315789473685
BA Stokes,935,718,130.22284122562675
SE Marsh,2489,1913,130.10977522216413
NLTC Perera,424,326,130.06134969325154
JP Faulkner,527,406,129.80295566502463
JD Ryder,604,466,129.6137339055794
AU Rashid,22,17,129.41176470588235
PN Mankad,97,75,129.33333333333331
R Parag,1173,909,129.04290429042905
R Tewatia,1013,788,128.55329949238578
V Kohli,8014,6236,128.51186658114176
SN Khan,585,456,128.28947368421052
MA Agarwal,2669,2081,128.25564632388276
DJ Mitchell,351,274,128.1021897810219
KH Pandya,1647,1287,127.97202797202797
RG Sharma,6630,5183,127.91819409608335
PD Collingwood,203,159,127.67295597484276
A Manohar,231,181,127.62430939226519
S Narwal,37,29,127.58620689655173
Sikandar Raza,182,143,127.27272727272727
TR Birt,75,59,127.11864406779661
BB McCullum,2882,2272,126.84859154929578
Rahmanullah Gurbaz,289,228,126.75438596491229
SM Pollock,147,116,126.72413793103448
Gulbadin Naib,19,15,126.66666666666666
AC Voges,181,143,126.57342657342659
AK Markram,995,787,126.4294790343075
SM Katich,241,191,126.17801047120419
RV Uthappa,4954,3927,126.15227909345556
S Vidyut,145,115,126.08695652173914
Ankit Sharma,87,69,126.08695652173914
SW Billings,503,399,126.06516290726817
STR Binny,880,700,125.71428571428571
A Badoni,634,505,125.54455445544555
KK Nair,1496,1192,125.503355704698
M Vohra,1083,863,125.49246813441484
CL White,971,774,125.45219638242895
AR Patel,1653,1318,125.41729893778452
DJ Hooda,1466,1170,125.2991452991453
V Shankar,1115,890,125.2808988764045
DJ Bravo,1560,1247,125.10024057738573
Arshad Khan (2),5,4,125.0
A Choudhary,25,20,125.0
MR Marsh,665,532,125.0
OA Shah,506,405,124.93827160493827
MC Henriques,1000,801,124.84394506866417
SPD Smith,2495,1999,124.81240620310155
Yuvraj Singh,2754,2207,124.78477571363842
Azhar Mahmood,388,311,124.7588424437299
A Symonds,974,781,124.71190781049937
AT Rayudu,4348,3490,124.58452722063038
RA Jadeja,2959,2378,124.4322960470984
AD Hales,148,119,124.36974789915966
WP Saha,2934,2368,123.90202702702702
MV Boucher,394,318,123.89937106918238
MN van Wyk,167,135,123.7037037037037
Azmatullah Omarzai,42,34,123.52941176470588
S Dhawan,6769,5483,123.45431333211745
CJ Anderson,538,436,123.39449541284404
AJ Finch,2092,1696,123.34905660377358
SS Iyer,3131,2545,123.02554027504911
KS Williamson,2132,1734,122.95271049596307
C Munro,177,144,122.91666666666667
LMP Simmons,1079,878,122.89293849658314
AS Yadav,49,40,122.50000000000001
SA Abbott,22,18,122.22222222222223
DNT Zoysa,11,9,122.22222222222223
B Lee,124,102,121.56862745098039
BJ Hodge,1400,1153,121.42237640936686
P Negi,365,301,121.26245847176081
UT Khawaja,127,105,120.95238095238095
AD Mathews,724,599,120.86811352253757
JP Duminy,2029,1680,120.77380952380952
AM Rahane,4642,3858,120.32141005702437
LA Pomersbach,302,251,120.3187250996016
Mandeep Singh,1706,1418,120.31029619181946
SA Asnodkar,423,352,120.17045454545455
GJ Bailey,663,552,120.1086956521739
DJ Hussey,1322,1101,120.07266121707538
LRPL Taylor,1017,847,120.07083825265643
MA Wood,12,10,120.0
Joginder Sharma,36,30,120.0
DM Bravo,6,5,120.0
MEK Hussey,1977,1648,119.96359223300972
DH Yagnik,170,142,119.71830985915493
G Gambhir,4217,3524,119.66515323496027
Shakib Al Hasan,795,665,119.54887218045114
HC Brook,190,159,119.49685534591194
AB McDonald,123,103,119.41747572815532
KM Jadhav,1208,1012,119.36758893280633
JO Holder,259,217,119.35483870967742
T Taibu,31,26,119.23076923076923
EJG Morgan,1406,1181,119.05165114309906
AP Tare,339,285,118.94736842105263
Anmolpreet Singh,139,117,118.80341880341881
DPMD Jayawardene,1808,1522,118.7910643889619
M Vijay,2619,2208,118.61413043478262
Sameer Rizvi,51,43,118.6046511627907
KC Sangakkara,1687,1424,118.4691011235955
KS Bharat,199,168,118.45238095238095
MG Bracewell,58,49,118.36734693877551
S Sohal,368,311,118.32797427652733
KA Jamieson,65,55,118.18181818181819
GD Phillips,65,55,118.18181818181819
MW Short,117,99,118.18181818181819
R Bhatia,342,290,117.9310344827586
D Padikkal,1559,1323,117.83824640967498
TK Curran,127,108,117.59259259259258
DJG Sammy,295,251,117.52988047808766
MK Pandey,3859,3288,117.36618004866179
Gurkeerat Singh,511,436,117.20183486238531
Sachin Baby,144,123,117.07317073170731
PC Valthaty,505,432,116.89814814814814
IK Pathan,1150,985,116.75126903553299
PA Patel,2848,2442,116.62571662571663
MJ McClenaghan,85,73,116.43835616438356
HV Patel,249,214,116.35514018691589
Sohail Tanvir,36,31,116.12903225806453
Harpreet Brar,233,201,115.92039800995025
JD Unadkat,197,170,115.88235294117648
S Badrinath,1441,1245,115.74297188755021
SS Tiwary,1494,1291,115.72424477149497
JL Pattinson,15,13,115.38461538461537
SD Lad,15,13,115.38461538461537
DB Ravi Teja,375,325,115.38461538461537
Anuj Rawat,318,276,115.21739130434783
AJ Tye,91,79,115.18987341772151
TL Suman,676,587,115.1618398637138
Shahbaz Ahmed,536,467,114.77516059957173
KV Sharma,351,306,114.70588235294117
SP Fleming,196,171,114.61988304093566
R Ashwin,800,698,114.61318051575931
R Sathish,270,236,114.40677966101696
KC Cariappa,24,21,114.28571428571428
AM Nayar,672,588,114.28571428571428
NV Ojha,1554,1360,114.26470588235293
SR Tendulkar,2334,2044,114.18786692759295
LA Carseldine,81,71,114.08450704225352
Y Venugopal Rao,985,865,113.87283236994219
DB Das,304,267,113.85767790262172
MK Tiwary,1695,1489,113.83478844862324
Sanvir Singh,25,22,113.63636363636364
RS Bopara,531,468,113.46153846153845
R Dravid,2174,1918,113.34723670490095
LR Shukla,405,358,113.12849162011173
NL McCullum,26,23,113.04347826086956
AP Majumdar,87,77,112.98701298701299
J Suchith,70,62,112.90322580645163
AS Raut,194,172,112.79069767441861
DJM Short,115,102,112.74509803921569
DT Christian,460,408,112.74509803921569
Saurav Chauhan,18,16,112.5
AA Kulkarni,9,8,112.5
S Anirudha,136,121,112.39669421487604
J Botha,409,364,112.36263736263736
Salman Butt,193,172,112.20930232558139
RE Levi,83,74,112.16216216216218
CA Ingram,205,183,112.02185792349727
AB Agarkar,179,160,111.87499999999999
R Bishnoi,19,17,111.76470588235294
R Dhawan,210,188,111.70212765957446
VH Zol,29,26,111.53846153846155
SS Prabhudessai,126,113,111.50442477876106
MD Mishra,237,213,111.26760563380283
RR Raje,20,18,111.11111111111111
BR Dunk,40,36,111.11111111111111
KAJ Roach,10,9,111.11111111111111
TG Southee,120,108,111.11111111111111
S Rana,91,82,110.97560975609757
WPUJC Vaas,81,73,110.95890410958904
Swapnil Singh,51,46,110.86956521739131
Washington Sundar,378,341,110.85043988269794
PK Garg,273,247,110.5263157894737
RE van der Merwe,159,144,110.41666666666667
AT Carey,32,29,110.34482758620689
TM Dilshan,1153,1047,110.12416427889207
B Chipli,280,256,109.375
NM Coulter-Nile,82,75,109.33333333333333
AL Menaria,401,367,109.26430517711172
MA Khote,24,22,109.09090909090908
M Markande,48,44,109.09090909090908
AA Chavan,12,11,109.09090909090908
A Flintoff,62,57,108.77192982456141
AS Roy,26,24,108.33333333333333
MS Bisla,798,737,108.27679782903662
DJ Harris,111,103,107.76699029126213
BB Samantray,125,116,107.75862068965519
MDKJ Perera,14,13,107.6923076923077
F Behardien,14,13,107.6923076923077
Vijaykumar Vyshak,14,13,107.6923076923077
SD Chitnis,99,92,107.6086956521739
PP Chawla,624,580,107.58620689655172
J Syed Mohammad,29,27,107.40740740740742
R Vinay Kumar,310,289,107.26643598615917
SP Jackson,61,57,107.01754385964912
CM Gautam,169,158,106.9620253164557
GC Smith,739,691,106.9464544138929
Shoaib Malik,52,49,106.12244897959184
JH Kallis,2427,2291,105.93627237014405
JJ van der Wath,18,17,105.88235294117648
HH Gibbs,886,837,105.8542413381123
JEC Franklin,327,309,105.8252427184466
M Manhas,514,486,105.76131687242798
Y Gnaneswara Rao,19,18,105.55555555555556
Aman Hakim Khan,115,109,105.50458715596329
J Yadav,40,38,105.26315789473684
RV Patel,80,76,105.26315789473684
P Kumar,340,323,105.26315789473684
AC Thomas,20,19,105.26315789473684
Y Nagar,285,271,105.1660516605166
YV Takawale,192,183,104.91803278688525
RR Powar,67,64,104.6875
N Jagadeesan,162,155,104.51612903225806
RJ Harris,117,112,104.46428571428572
VVS Laxman,282,271,104.0590405904059
S Gopal,180,173,104.04624277456647
JM Kemp,26,25,104.0
M Kartik,113,109,103.6697247706422
Harpreet Singh,123,119,103.36134453781514
DL Vettori,121,118,102.54237288135593
DW Steyn,167,163,102.45398773006136
Iqbal Abdulla,88,86,102.32558139534885
FY Fazal,183,179,102.23463687150837
MJ Clarke,98,96,102.08333333333333
OF Smith,51,50,102.0
SC Ganguly,1349,1326,101.73453996983409
RD Chahar,129,127,101.5748031496063
Lalit Yadav,305,301,101.32890365448506
CR Woakes,78,77,101.29870129870129
TA Boult,83,82,101.21951219512195
W Jaffer,130,129,100.7751937984496
M Kaif,259,258,100.3875968992248
S Aravind,59,59,100.0
Abdul Basith,1,1,100.0
GB Hogg,22,22,100.0
SJ Srivastava,5,5,100.0
SZ Mulani,1,1,100.0
DT Patil,13,13,100.0
VS Yeligati,2,2,100.0
VS Malik,7,7,100.0
TL Seifert,26,26,100.0
Liton Das,4,4,100.0
M Theekshana,7,7,100.0
DP Vijaykumar,1,1,100.0
AD Mascarenhas,79,79,100.0
Rasikh Salam,40,40,100.0
RJ Gleeson,2,2,100.0
RJ Peterson,32,32,100.0
RG More,2,2,100.0
CJ Jordan,81,81,100.0
DG Nalkande,12,12,100.0
DJ Malan,26,26,100.0
NJ Rimmington,1,1,100.0
MD Shanaka,26,26,100.0
AR Bawne,12,12,100.0
Mukesh Choudhary,6,6,100.0
Mashrafe Mortaza,2,2,100.0
A Kamboj,2,2,100.0
AA Jhunjhunwala,217,218,99.54128440366972
K Rabada,206,207,99.51690821256038
MG Johnson,167,168,99.40476190476191
SE Rutherford,106,107,99.06542056074767
JDS Neesham,92,93,98.9247311827957
MS Wade,183,185,98.91891891891892
UT Yadav,208,211,98.5781990521327
HR Shokeen,66,67,98.50746268656717
PA Reddy,164,167,98.20359281437125
RJ Quiney,103,105,98.09523809523809
R Rampaul,51,52,98.07692307692307
N Saini,140,143,97.9020979020979
SB Styris,131,134,97.76119402985076
AB Barath,42,43,97.67441860465115
NK Patel,121,124,97.58064516129032
JR Philippe,78,80,97.5
CA Pujara,390,403,96.7741935483871
Vishnu Vinod,56,58,96.55172413793103
JDP Oram,106,110,96.36363636363636
MA Starc,105,109,96.3302752293578
KB Arun Karthik,51,53,96.22641509433963
A Nortje,49,51,96.07843137254902
J Arunkumar,23,24,95.83333333333334
UBT Chand,300,314,95.54140127388536
SP Goswami,293,307,95.43973941368078
NJ Maddinson,20,21,95.23809523809523
MM Patel,39,41,95.1219512195122
PR Shah,92,97,94.84536082474226
DS Lehmann,18,19,94.73684210526315
RV Gomez,50,53,94.33962264150944
GR Napier,15,16,93.75
RR Sarwan,73,78,93.58974358974359
M Klinger,73,78,93.58974358974359
SB Jakati,28,30,93.33333333333333
MC Juneja,125,134,93.28358208955224
M Jansen,66,71,92.95774647887323
Mohsin Khan,25,27,92.5925925925926
MN Samuels,161,174,92.52873563218391
KW Richardson,36,39,92.3076923076923
B Sumanth,35,38,92.10526315789474
DS Kulkarni,104,113,92.03539823008849
L Ronchi,34,37,91.8918918918919
DR Sams,44,48,91.66666666666666
DE Bollinger,21,23,91.30434782608695
Anirudh Singh,63,69,91.30434782608695
K Goel,218,239,91.21338912133892
DJ Jacobs,92,101,91.0891089108911
AD Nath,90,99,90.9090909090909
MJ Santner,70,77,90.9090909090909
B Kumar,306,338,90.53254437869822
MM Sharma,124,137,90.51094890510949
SK Warne,198,219,90.41095890410958
Mohammed Shami,74,82,90.2439024390244
P Dogra,127,141,90.0709219858156
PWH de Silva,72,80,90.0
Mohammed Siraj,109,122,89.34426229508196
R McLaren,159,178,89.32584269662921
Imran Tahir,33,37,89.1891891891892
T Kohler-Cadmore,48,54,88.88888888888889
CK Langeveldt,8,9,88.88888888888889
SW Tait,23,26,88.46153846153845
HE van der Dussen,22,25,88.0
Shivam Mavi,51,58,87.93103448275862
AN Ghosh,7,8,87.5
Simarjeet Singh,7,8,87.5
Navdeep Saini,33,38,86.8421052631579
A Mishra,381,440,86.5909090909091
Basil Thampi,32,37,86.48648648648648
GH Vihari,284,331,85.80060422960725
SH Johnson,6,7,85.71428571428571
SS Shaikh,6,7,85.71428571428571
R Sharma,66,77,85.71428571428571
BA Bhatt,6,7,85.71428571428571
SL Malinga,88,103,85.43689320388349
BMAJ Mendis,23,27,85.18518518518519
JJ Bumrah,68,80,85.0
Parvez Rasool,17,20,85.0
SB Bangar,49,58,84.48275862068965
AS Joseph,27,32,84.375
Z Khan,117,141,82.97872340425532
DJ Willey,53,64,82.8125
R Shukla,19,23,82.6086956521739
A Mukund,19,23,82.6086956521739
CJ Ferguson,98,119,82.35294117647058
T Banton,18,22,81.81818181818183
Kuldeep Yadav,183,224,81.69642857142857
S Sriram,31,38,81.57894736842105
Kartik Tyagi,13,16,81.25
AG Paunikar,49,61,80.32786885245902
I Sharma,57,71,80.28169014084507
GD McGrath,4,5,80.0
Mujeeb Ur Rahman,12,15,80.0
FH Edwards,4,5,80.0
A Dananjaya,4,5,80.0
Akash Madhwal,4,5,80.0
M Rawat,55,70,78.57142857142857
RA Bawa,11,14,78.57142857142857
AA Bilakhia,69,88,78.4090909090909
Ankit Soni,7,9,77.77777777777779
AJ Turner,24,31,77.41935483870968
D du Preez,10,13,76.92307692307693
J Theron,10,13,76.92307692307693
Anureet Singh,36,47,76.59574468085107
Mohammad Hafeez,64,84,76.19047619047619
P Ray Barman,19,25,76.0
IR Jaggi,76,100,76.0
S Chanderpaul,25,33,75.75757575757575
WD Parnell,65,86,75.5813953488372
S Tyagi,3,4,75.0
JE Taylor,3,4,75.0
Tanush Kotian,24,32,75.0
AA Noffke,9,12,75.0
AF Milne,23,31,74.19354838709677
Sandeep Sharma,54,73,73.97260273972603
WA Mota,56,76,73.68421052631578
FA Allen,14,19,73.68421052631578
NT Ellis,19,26,73.07692307692307
DR Martyn,19,26,73.07692307692307
D Ferreira,8,11,72.72727272727273
Jaskaran Singh,8,11,72.72727272727273
TM Srivastava,8,11,72.72727272727273
DJ Thornely,39,54,72.22222222222221
Noor Ahmad,13,18,72.22222222222221
L Balaji,36,50,72.0
AG Murtaza,10,14,71.42857142857143
A Kumble,35,49,71.42857142857143
BB Sran,10,14,71.42857142857143
C Madan,15,21,71.42857142857143
A Chopra,53,75,70.66666666666667
Karanveer Singh,12,17,70.58823529411765
RT Ponting,91,129,70.54263565891473
Yashpal Singh,47,67,70.1492537313433
M Ashwin,35,50,70.0
P Dubey,23,33,69.6969696969697
YV Dhull,16,23,69.56521739130434
Naveen-ul-Haq,18,26,69.23076923076923
Sumit Kumar,18,26,69.23076923076923
KMA Paul,18,26,69.23076923076923
K Kartikeya,9,13,69.23076923076923
Arshdeep Singh,29,42,69.04761904761905
SK Trivedi,42,61,68.85245901639344
T Henderson,11,16,68.75
VR Aaron,50,73,68.4931506849315
B Indrajith,21,31,67.74193548387096
Harshit Rana,2,3,66.66666666666666
JE Root,10,15,66.66666666666666
Shivam Singh,2,3,66.66666666666666
JP Behrendorff,6,9,66.66666666666666
SB Wagh,2,3,66.66666666666666
M Muralitharan,20,30,66.66666666666666
CK Kapugedera,16,24,66.66666666666666
RP Singh,52,78,66.66666666666666
JR Hazlewood,19,29,65.51724137931035
A Nehra,41,63,65.07936507936508
DR Shorey,13,20,65.0
KL Nagarkoti,22,34,64.70588235294117
C Sakariya,20,31,64.51612903225806
SM Harwood,9,14,64.28571428571429
KS Sharma,16,25,64.0
G Coetzee,14,22,63.63636363636363
AS Rajpoot,26,41,63.41463414634146
T Thushara,12,19,63.1578947368421
JA Richardson,17,27,62.96296296296296
Ravi Bishnoi,32,52,61.53846153846154
A Zampa,15,25,60.0
Kamran Khan,3,5,60.0
T Natarajan,3,5,60.0
S Sreesanth,34,57,59.64912280701754
SMSM Senanayake,10,17,58.82352941176471
X Thalaivan Sargunam,10,17,58.82352941176471
NS Naik,31,53,58.490566037735846
Pankaj Singh,7,12,58.333333333333336
M Ntini,11,19,57.89473684210527
Virat Singh,15,26,57.692307692307686
A Uniyal,4,7,57.14285714285714
A Chandila,4,7,57.14285714285714
TS Mills,8,14,57.14285714285714
Mustafizur Rahman,13,23,56.52173913043478
S Kaul,20,36,55.55555555555556
PJ Sangwan,26,47,55.319148936170215
T Kohli,11,20,55.00000000000001
VY Mahesh,15,28,53.57142857142857
CJ McKay,8,15,53.333333333333336
VG Arora,9,17,52.94117647058824
S Badree,13,25,52.0
AB Dinda,26,50,52.0
CV Varun,25,49,51.02040816326531
M de Lange,1,2,50.0
MJ Suthar,1,2,50.0
R Ninan,3,6,50.0
LB Williams,1,2,50.0
RJW Topley,3,6,50.0
A Tomar,4,8,50.0
GHS Garton,2,4,50.0
Mohit Rathee,1,2,50.0
BAW Mendis,3,6,50.0
T Shamsi,2,4,50.0
SE Bond,1,2,50.0
S Randiv,2,4,50.0
PSP Handscomb,6,12,50.0
KP Appanna,2,4,50.0
KA Maharaj,1,2,50.0
PM Sarvesh Kumar,1,2,50.0
Mohammad Asif,3,6,50.0
Mukesh Kumar,10,20,50.0
UA Birla,7,15,46.666666666666664
PV Tambe,18,39,46.15384615384615
S Nadeem,39,88,44.31818181818182
GC Viljoen,3,7,42.857142857142854
Kumar Kushagra,3,7,42.857142857142854
Younis Khan,3,7,42.857142857142854
YS Chahal,37,89,41.57303370786517
BR Sharath,2,5,40.0
H Das,2,5,40.0
IS Sodhi,7,18,38.88888888888889
B Laughlin,5,13,38.46153846153847
SB Joshi,6,16,37.5
D Kalyankrishna,3,8,37.5
M Prasidh Krishna,9,24,37.5
RK Bhui,10,27,37.03703703703704
P Awana,5,14,35.714285714285715
PP Ojha,16,45,35.55555555555556
TD Paine,10,29,34.48275862068966
BE Hendricks,1,3,33.33333333333333
P Parameswaran,1,3,33.33333333333333
DJ Muthuswami,1,3,33.33333333333333
LE Plunkett,1,3,33.33333333333333
DP Nannes,4,13,30.76923076923077
RS Gavaskar,2,8,25.0
Shoaib Akhtar,2,8,25.0
Fazalhaq Farooqi,3,13,23.076923076923077
A Singh,2,10,20.0
HF Gurney,1,5,20.0
Mohammad Ashraful,2,12,16.666666666666664
Shoaib Ahmed,1,6,16.666666666666664
KK Ahmed,1,7,14.285714285714285
RR Bhatkal,0,2,0.0
RP Meredith,0,3,0.0
L Ablish,0,2,0.0
Yash Dayal,0,1,0.0
YA Abdulla,0,1,0.0
V Pratap Singh,0,1,0.0
Y Prithvi Raj,0,1,0.0
R Sanjay Yadav,0,2,0.0
K Yadav,0,4,0.0
C Nanda,0,1,0.0
KR Sen,0,3,0.0
S Ladda,0,10,0.0
S Kaushik,0,1,0.0
S Lamichhane,0,1,0.0
KM Asif,0,2,0.0
IC Pandey,0,2,0.0
SS Cottrell,0,2,0.0
JL Denly,0,1,0.0
Sunny Gupta,0,1,0.0
Mayank Dagar,0,1,0.0
ND Doshi,0,13,0.0
Abdur Razzak,0,2,0.0
U Kaul,0,1,0.0
