match_id,predicted_winner,total_runs_calculated,winner,correct_prediction
335982,Kolkata Knight Riders,222,Kolkata Knight Riders,True
335983,Chennai Super Kings,240,Chennai Super Kings,True
335984,Delhi Daredevils,132,Delhi Daredevils,True
335985,Royal Challengers Bangalore,166,Royal Challengers Bangalore,True
335986,Kolkata Knight Riders,112,Kolkata Knight Riders,True
335987,Rajasthan Royals,168,Rajasthan Royals,True
335988,Delhi Daredevils,143,Delhi Daredevils,True
335989,Chennai Super Kings,208,Chennai Super Kings,True
335990,Rajasthan Royals,217,Rajasthan Royals,True
335991,Kings XI Punjab,182,Kings XI Punjab,True
335992,Rajasthan Royals,138,Rajasthan Royals,True
335993,Chennai Super Kings,152,Chennai Super Kings,True
335994,Deccan Chargers,155,Deccan Chargers,True
335995,Kings XI Punjab,162,Kings XI Punjab,True
335996,Chennai Super Kings,178,Chennai Super Kings,True
335997,Mumbai Indians,138,Mumbai Indians,True
335998,Delhi Daredevils,191,Delhi Daredevils,True
335999,Kings XI Punjab,167,Kings XI Punjab,True
336000,Rajasthan Royals,196,Rajasthan Royals,True
336001,Delhi Daredevils,172,Delhi Daredevils,True
336002,Royal Challengers Bangalore,171,Royal Challengers Bangalore,True
336003,Kings XI Punjab,178,Kings XI Punjab,True
336004,Mumbai Indians,162,Mumbai Indians,True
336005,Rajasthan Royals,110,Rajasthan Royals,True
336006,Kings XI Punjab,127,Kings XI Punjab,True
336007,Deccan Chargers,148,Deccan Chargers,True
336008,Mumbai Indians,104,Mumbai Indians,True
336009,Chennai Super Kings,188,Chennai Super Kings,True
336010,Kolkata Knight Riders,129,Kolkata Knight Riders,True
336011,Rajasthan Royals,141,Rajasthan Royals,True
336012,Mumbai Indians,126,Mumbai Indians,True
336013,Chennai Super Kings,181,Chennai Super Kings,True
336014,Kolkata Knight Riders,204,Kolkata Knight Riders,True
336015,Rajasthan Royals,159,Rajasthan Royals,True
336016,Kings XI Punjab,144,Kings XI Punjab,True
336017,Kolkata Knight Riders,133,Kolkata Knight Riders,True
336018,Mumbai Indians,158,Mumbai Indians,True
336019,Kings XI Punjab,221,Kings XI Punjab,True
336020,Delhi Daredevils,194,Delhi Daredevils,True
336021,Mumbai Indians,68,Mumbai Indians,True
336022,Delhi Daredevils,118,Kings XI Punjab,False
336023,Rajasthan Royals,197,Rajasthan Royals,True
336024,Mumbai Indians,178,Mumbai Indians,True
336025,Kolkata Knight Riders,149,Chennai Super Kings,False
336026,Delhi Daredevils,158,Delhi Daredevils,True
336027,Rajasthan Royals,150,Rajasthan Royals,True
336028,Kings XI Punjab,189,Kings XI Punjab,True
336029,Royal Challengers Bangalore,126,Royal Challengers Bangalore,True
336031,Kings XI Punjab,178,Kings XI Punjab,True
336032,Delhi Daredevils,179,Delhi Daredevils,True
336033,Rajasthan Royals,211,Rajasthan Royals,True
336034,Royal Challengers Bangalore,156,Royal Challengers Bangalore,True
336035,Kolkata Knight Riders,175,Kolkata Knight Riders,True
336036,Rajasthan Royals,146,Rajasthan Royals,True
336037,Chennai Super Kings,148,Chennai Super Kings,True
336038,Rajasthan Royals,192,Rajasthan Royals,True
336039,Chennai Super Kings,116,Chennai Super Kings,True
336040,Rajasthan Royals,164,Rajasthan Royals,True
392181,Mumbai Indians,165,Mumbai Indians,True
392182,Royal Challengers Bangalore,133,Royal Challengers Bangalore,True
392183,Kings XI Punjab,104,Delhi Daredevils,False
392184,Deccan Chargers,104,Deccan Chargers,True
392185,Chennai Super Kings,179,Chennai Super Kings,True
392186,Kings XI Punjab,158,Kolkata Knight Riders,False
392188,Deccan Chargers,184,Deccan Chargers,True
392189,Delhi Daredevils,189,Delhi Daredevils,True
392190,Rajasthan Royals,168,Rajasthan Royals,True
392191,Kings XI Punjab,173,Kings XI Punjab,True
392192,Deccan Chargers,168,Deccan Chargers,True
392194,Delhi Daredevils,150,Delhi Daredevils,True
392195,Kings XI Punjab,139,Kings XI Punjab,True
392196,Deccan Chargers,169,Deccan Chargers,True
392197,Mumbai Indians,187,Mumbai Indians,True
392198,Rajasthan Royals,147,Rajasthan Royals,True
392199,Royal Challengers Bangalore,143,Royal Challengers Bangalore,True
392200,Kings XI Punjab,119,Kings XI Punjab,True
392201,Delhi Daredevils,150,Delhi Daredevils,True
392202,Chennai Super Kings,164,Chennai Super Kings,True
392203,Mumbai Indians,148,Mumbai Indians,True
392204,Royal Challengers Bangalore,145,Royal Challengers Bangalore,True
392205,Rajasthan Royals,142,Rajasthan Royals,True
392206,Chennai Super Kings,163,Chennai Super Kings,True
392207,Kings XI Punjab,154,Kings XI Punjab,True
392208,Royal Challengers Bangalore,150,Royal Challengers Bangalore,True
392209,Chennai Super Kings,178,Chennai Super Kings,True
392210,Rajasthan Royals,211,Rajasthan Royals,True
392211,Delhi Daredevils,157,Delhi Daredevils,True
392212,Deccan Chargers,145,Deccan Chargers,True
392213,Rajasthan Royals,107,Rajasthan Royals,True
392214,Chennai Super Kings,185,Chennai Super Kings,True
392215,Delhi Daredevils,118,Delhi Daredevils,True
392216,Kings XI Punjab,169,Kings XI Punjab,True
392217,Chennai Super Kings,141,Chennai Super Kings,True
392218,Mumbai Indians,157,Mumbai Indians,True
392219,Delhi Daredevils,125,Delhi Daredevils,True
392220,Deccan Chargers,166,Deccan Chargers,True
392221,Royal Challengers Bangalore,176,Royal Challengers Bangalore,True
392222,Mumbai Indians,122,Mumbai Indians,True
392223,Delhi Daredevils,173,Delhi Daredevils,True
392224,Royal Challengers Bangalore,132,Royal Challengers Bangalore,True
392225,Rajasthan Royals,145,Rajasthan Royals,True
392226,Kings XI Punjab,123,Kings XI Punjab,True
392227,Chennai Super Kings,151,Chennai Super Kings,True
392228,Deccan Chargers,166,Deccan Chargers,True
392229,Kings XI Punjab,134,Kings XI Punjab,True
392230,Delhi Daredevils,150,Delhi Daredevils,True
392231,Kolkata Knight Riders,189,Kolkata Knight Riders,True
392232,Royal Challengers Bangalore,135,Royal Challengers Bangalore,True
392233,Kolkata Knight Riders,102,Kolkata Knight Riders,True
392234,Chennai Super Kings,116,Chennai Super Kings,True
392235,Delhi Daredevils,166,Delhi Daredevils,True
392236,Royal Challengers Bangalore,170,Royal Challengers Bangalore,True
392237,Deccan Chargers,154,Deccan Chargers,True
392238,Royal Challengers Bangalore,149,Royal Challengers Bangalore,True
392239,Deccan Chargers,143,Deccan Chargers,True
419106,Kolkata Knight Riders,161,Kolkata Knight Riders,True
419107,Mumbai Indians,212,Mumbai Indians,True
419108,Delhi Daredevils,146,Delhi Daredevils,True
419109,Kolkata Knight Riders,136,Kolkata Knight Riders,True
419110,Deccan Chargers,190,Deccan Chargers,True
419111,Delhi Daredevils,142,Delhi Daredevils,True
419112,Royal Challengers Bangalore,204,Royal Challengers Bangalore,True
419113,Chennai Super Kings,164,Chennai Super Kings,True
419114,Mumbai Indians,218,Mumbai Indians,True
419115,Royal Challengers Bangalore,93,Royal Challengers Bangalore,True
419116,Chennai Super Kings,190,Chennai Super Kings,True
419117,Deccan Chargers,170,Deccan Chargers,True
419118,Rajasthan Royals,168,Rajasthan Royals,True
419119,Royal Challengers Bangalore,155,Royal Challengers Bangalore,True
419120,Deccan Chargers,171,Deccan Chargers,True
419121,Kings XI Punjab,146,Kings XI Punjab,True
419122,Mumbai Indians,156,Mumbai Indians,True
419123,Royal Challengers Bangalore,171,Royal Challengers Bangalore,True
419124,Rajasthan Royals,183,Rajasthan Royals,True
419125,Mumbai Indians,181,Mumbai Indians,True
419126,Rajasthan Royals,151,Rajasthan Royals,True
419127,Kolkata Knight Riders,183,Kolkata Knight Riders,True
419128,Delhi Daredevils,183,Delhi Daredevils,True
419129,Rajasthan Royals,177,Rajasthan Royals,True
419130,Mumbai Indians,172,Mumbai Indians,True
419131,Delhi Daredevils,177,Delhi Daredevils,True
419132,Mumbai Indians,164,Mumbai Indians,True
419133,Chennai Super Kings,162,Chennai Super Kings,True
419134,Delhi Daredevils,188,Delhi Daredevils,True
419135,Kolkata Knight Riders,181,Kolkata Knight Riders,True
419136,Royal Challengers Bangalore,184,Royal Challengers Bangalore,True
419137,Chennai Super Kings,246,Chennai Super Kings,True
419138,Mumbai Indians,178,Mumbai Indians,True
419139,Kings XI Punjab,204,Kings XI Punjab,True
419140,Delhi Daredevils,184,Delhi Daredevils,True
419141,Rajasthan Royals,159,Rajasthan Royals,True
419142,Chennai Super Kings,165,Chennai Super Kings,True
419143,Rajasthan Royals,157,Rajasthan Royals,True
419144,Kolkata Knight Riders,181,Kolkata Knight Riders,True
419145,Deccan Chargers,186,Deccan Chargers,True
419146,Kings XI Punjab,158,Kings XI Punjab,True
419147,Deccan Chargers,139,Deccan Chargers,True
419148,Royal Challengers Bangalore,162,Royal Challengers Bangalore,True
419149,Kings XI Punjab,112,Kings XI Punjab,True
419150,Mumbai Indians,174,Mumbai Indians,True
419151,Deccan Chargers,151,Deccan Chargers,True
419152,Mumbai Indians,183,Mumbai Indians,True
419153,Chennai Super Kings,143,Chennai Super Kings,True
419154,Royal Challengers Bangalore,132,Royal Challengers Bangalore,True
419155,Delhi Daredevils,113,Delhi Daredevils,True
419156,Deccan Chargers,178,Deccan Chargers,True
419157,Mumbai Indians,191,Mumbai Indians,True
419158,Kolkata Knight Riders,133,Kolkata Knight Riders,True
419159,Chennai Super Kings,195,Chennai Super Kings,True
419160,Deccan Chargers,145,Deccan Chargers,True
419161,Kolkata Knight Riders,135,Kolkata Knight Riders,True
419162,Mumbai Indians,184,Mumbai Indians,True
419163,Chennai Super Kings,142,Chennai Super Kings,True
419164,Royal Challengers Bangalore,86,Royal Challengers Bangalore,True
419165,Chennai Super Kings,168,Chennai Super Kings,True
501198,Chennai Super Kings,153,Chennai Super Kings,True
501199,Rajasthan Royals,141,Rajasthan Royals,True
501200,Royal Challengers Bangalore,162,Royal Challengers Bangalore,True
501201,Mumbai Indians,99,Mumbai Indians,True
501202,Pune Warriors,113,Pune Warriors,True
501203,Kolkata Knight Riders,163,Kolkata Knight Riders,True
501204,Rajasthan Royals,152,Rajasthan Royals,True
501205,Mumbai Indians,143,Mumbai Indians,True
501206,Kings XI Punjab,193,Kings XI Punjab,True
501207,Pune Warriors,151,Pune Warriors,True
501208,Deccan Chargers,175,Deccan Chargers,True
501209,Kolkata Knight Riders,160,Kolkata Knight Riders,True
501210,Kochi Tuskers Kerala,184,Kochi Tuskers Kerala,True
501211,Chennai Super Kings,183,Chennai Super Kings,True
501212,Kings XI Punjab,166,Kings XI Punjab,True
501213,Delhi Daredevils,190,Delhi Daredevils,True
501214,Kolkata Knight Riders,85,Kolkata Knight Riders,True
501215,Kochi Tuskers Kerala,135,Kochi Tuskers Kerala,True
501216,Deccan Chargers,168,Deccan Chargers,True
501218,Mumbai Indians,124,Mumbai Indians,True
501219,Kochi Tuskers Kerala,132,Kochi Tuskers Kerala,True
501220,Kings XI Punjab,195,Kings XI Punjab,True
501221,Mumbai Indians,164,Mumbai Indians,True
501222,Royal Challengers Bangalore,175,Royal Challengers Bangalore,True
501223,Delhi Daredevils,231,Delhi Daredevils,True
501224,Mumbai Indians,172,Mumbai Indians,True
501225,Rajasthan Royals,111,Rajasthan Royals,True
501226,Chennai Super Kings,142,Chennai Super Kings,True
501227,Royal Challengers Bangalore,161,Royal Challengers Bangalore,True
501228,Chennai Super Kings,145,Chennai Super Kings,True
501229,Deccan Chargers,129,Deccan Chargers,True
501230,Kolkata Knight Riders,148,Kolkata Knight Riders,True
501231,Rajasthan Royals,95,Rajasthan Royals,True
501232,Royal Challengers Bangalore,181,Royal Challengers Bangalore,True
501233,Delhi Daredevils,157,Delhi Daredevils,True
501234,Kolkata Knight Riders,120,Kolkata Knight Riders,True
501235,Rajasthan Royals,144,Rajasthan Royals,True
501236,Chennai Super Kings,165,Chennai Super Kings,True
501237,Mumbai Indians,159,Mumbai Indians,True
501238,Kochi Tuskers Kerala,141,Kochi Tuskers Kerala,True
501239,Kolkata Knight Riders,169,Kolkata Knight Riders,True
501240,Chennai Super Kings,149,Chennai Super Kings,True
501241,Mumbai Indians,160,Mumbai Indians,True
501242,Kochi Tuskers Kerala,156,Kochi Tuskers Kerala,True
501243,Delhi Daredevils,179,Delhi Daredevils,True
501244,Royal Challengers Bangalore,205,Royal Challengers Bangalore,True
501245,Chennai Super Kings,114,Kolkata Knight Riders,False
501246,Mumbai Indians,178,Mumbai Indians,True
501247,Royal Challengers Bangalore,128,Royal Challengers Bangalore,True
501248,Pune Warriors,120,Pune Warriors,True
501249,Chennai Super Kings,196,Chennai Super Kings,True
501250,Pune Warriors,137,Pune Warriors,True
501251,Kings XI Punjab,163,Kings XI Punjab,True
501252,Royal Challengers Bangalore,151,Royal Challengers Bangalore,True
501253,Chennai Super Kings,176,Chennai Super Kings,True
501254,Kings XI Punjab,181,Kings XI Punjab,True
501255,Royal Challengers Bangalore,105,Royal Challengers Bangalore,True
501256,Deccan Chargers,135,Deccan Chargers,True
501257,Kings XI Punjab,170,Kings XI Punjab,True
501258,Kochi Tuskers Kerala,98,Kochi Tuskers Kerala,True
501259,Deccan Chargers,138,Deccan Chargers,True
501260,Kings XI Punjab,232,Kings XI Punjab,True
501261,Chennai Super Kings,152,Chennai Super Kings,True
501262,Kolkata Knight Riders,119,Kolkata Knight Riders,True
501263,Rajasthan Royals,134,Rajasthan Royals,True
501264,Deccan Chargers,198,Deccan Chargers,True
501265,Delhi Daredevils,56,No Result,False
501266,Royal Challengers Bangalore,129,Royal Challengers Bangalore,True
501267,Mumbai Indians,178,Mumbai Indians,True
501268,Chennai Super Kings,177,Chennai Super Kings,True
501269,Mumbai Indians,148,Mumbai Indians,True
501270,Royal Challengers Bangalore,185,Royal Challengers Bangalore,True
501271,Chennai Super Kings,205,Chennai Super Kings,True
548306,Mumbai Indians,115,Mumbai Indians,True
548307,Delhi Daredevils,100,Delhi Daredevils,True
548308,Pune Warriors,129,Pune Warriors,True
548309,Rajasthan Royals,191,Rajasthan Royals,True
548310,Royal Challengers Bangalore,157,Royal Challengers Bangalore,True
548311,Chennai Super Kings,193,Chennai Super Kings,True
548312,Rajasthan Royals,164,Rajasthan Royals,True
548313,Pune Warriors,166,Pune Warriors,True
548314,Mumbai Indians,142,Mumbai Indians,True
548315,Kolkata Knight Riders,165,Kolkata Knight Riders,True
548316,Delhi Daredevils,111,Delhi Daredevils,True
548317,Mumbai Indians,197,Mumbai Indians,True
548318,Chennai Super Kings,208,Chennai Super Kings,True
548319,Kings XI Punjab,116,Kings XI Punjab,True
548320,Kolkata Knight Riders,137,Kolkata Knight Riders,True
548321,Delhi Daredevils,162,Delhi Daredevils,True
548322,Pune Warriors,156,Pune Warriors,True
548323,Kings XI Punjab,134,Kings XI Punjab,True
548324,Rajasthan Royals,195,Rajasthan Royals,True
548325,Delhi Daredevils,93,Delhi Daredevils,True
548326,Rajasthan Royals,197,Rajasthan Royals,True
548327,Royal Challengers Bangalore,186,Royal Challengers Bangalore,True
548328,Kolkata Knight Riders,127,Kolkata Knight Riders,True
548329,Delhi Daredevils,193,Delhi Daredevils,True
548330,Chennai Super Kings,164,Chennai Super Kings,True
548331,Royal Challengers Bangalore,166,Royal Challengers Bangalore,True
548332,Chennai Super Kings,147,Chennai Super Kings,True
548333,Pune Warriors,192,Pune Warriors,True
548334,Kings XI Punjab,164,Kings XI Punjab,True
548335,Kolkata Knight Riders,127,Kolkata Knight Riders,True
548336,Royal Challengers Bangalore,189,Royal Challengers Bangalore,True
548337,Delhi Daredevils,148,Delhi Daredevils,True
548339,Mumbai Indians,171,Mumbai Indians,True
548341,Deccan Chargers,177,Deccan Chargers,True
548342,Delhi Daredevils,207,Delhi Daredevils,True
548343,Kings XI Punjab,156,Kings XI Punjab,True
548344,Kolkata Knight Riders,190,Kolkata Knight Riders,True
548345,Delhi Daredevils,152,Delhi Daredevils,True
548346,Mumbai Indians,101,Mumbai Indians,True
548347,Kolkata Knight Riders,140,Kolkata Knight Riders,True
548348,Deccan Chargers,186,Deccan Chargers,True
548349,Delhi Daredevils,144,Delhi Daredevils,True
548350,Kings XI Punjab,163,Kings XI Punjab,True
548351,Mumbai Indians,120,Mumbai Indians,True
548352,Chennai Super Kings,160,Chennai Super Kings,True
548353,Kolkata Knight Riders,150,Kolkata Knight Riders,True
548354,Rajasthan Royals,177,Rajasthan Royals,True
548355,Mumbai Indians,174,Mumbai Indians,True
548356,Royal Challengers Bangalore,185,Royal Challengers Bangalore,True
548357,Kolkata Knight Riders,154,Kolkata Knight Riders,True
548358,Rajasthan Royals,126,Rajasthan Royals,True
548359,Kings XI Punjab,170,Kings XI Punjab,True
548360,Royal Challengers Bangalore,142,Royal Challengers Bangalore,True
548361,Chennai Super Kings,127,Chennai Super Kings,True
548362,Royal Challengers Bangalore,173,Royal Challengers Bangalore,True
548363,Mumbai Indians,182,Mumbai Indians,True
548364,Chennai Super Kings,115,Chennai Super Kings,True
548365,Rajasthan Royals,170,Rajasthan Royals,True
548366,Kings XI Punjab,194,Kings XI Punjab,True
548367,Mumbai Indians,173,Mumbai Indians,True
548368,Chennai Super Kings,160,Chennai Super Kings,True
548369,Delhi Daredevils,140,Delhi Daredevils,True
548370,Kolkata Knight Riders,140,Kolkata Knight Riders,True
548371,Kings XI Punjab,123,Kings XI Punjab,True
548372,Royal Challengers Bangalore,215,Royal Challengers Bangalore,True
548373,Deccan Chargers,128,Deccan Chargers,True
548374,Delhi Daredevils,145,Delhi Daredevils,True
548375,Kolkata Knight Riders,136,Kolkata Knight Riders,True
548376,Deccan Chargers,132,Deccan Chargers,True
548377,Mumbai Indians,163,Mumbai Indians,True
548378,Kolkata Knight Riders,162,Kolkata Knight Riders,True
548379,Chennai Super Kings,187,Chennai Super Kings,True
548380,Chennai Super Kings,222,Chennai Super Kings,True
548381,Kolkata Knight Riders,192,Kolkata Knight Riders,True
597998,Kolkata Knight Riders,129,Kolkata Knight Riders,True
597999,Royal Challengers Bangalore,156,Royal Challengers Bangalore,True
598000,Sunrisers Hyderabad,126,Sunrisers Hyderabad,True
598001,Rajasthan Royals,165,Rajasthan Royals,True
598002,Mumbai Indians,148,Mumbai Indians,True
598003,Kings XI Punjab,100,Kings XI Punjab,True
598004,Sunrisers Hyderabad,150,Sunrisers Hyderabad,True
598005,Rajasthan Royals,144,Rajasthan Royals,True
598006,Mumbai Indians,209,Mumbai Indians,True
598007,Chennai Super Kings,139,Chennai Super Kings,True
598008,Royal Challengers Bangalore,158,Royal Challengers Bangalore,True
598009,Pune Warriors,148,Pune Warriors,True
598010,Sunrisers Hyderabad,115,Sunrisers Hyderabad,True
598011,Mumbai Indians,183,Mumbai Indians,True
598012,Chennai Super Kings,166,Chennai Super Kings,True
598013,Kolkata Knight Riders,180,Kolkata Knight Riders,True
598014,Rajasthan Royals,126,Rajasthan Royals,True
598015,Pune Warriors,159,Pune Warriors,True
598016,Kings XI Punjab,157,Kings XI Punjab,True
598017,Royal Challengers Bangalore,167,Royal Challengers Bangalore,True
598018,Sunrisers Hyderabad,119,Sunrisers Hyderabad,True
598019,Rajasthan Royals,179,Rajasthan Royals,True
598020,Chennai Super Kings,169,Chennai Super Kings,True
598021,Sunrisers Hyderabad,127,Sunrisers Hyderabad,True
598022,Chennai Super Kings,124,Chennai Super Kings,True
598023,Royal Challengers Bangalore,123,Royal Challengers Bangalore,True
598024,Delhi Daredevils,165,Delhi Daredevils,True
598025,Kings XI Punjab,186,Kings XI Punjab,True
598026,Chennai Super Kings,186,Chennai Super Kings,True
598027,Royal Challengers Bangalore,263,Royal Challengers Bangalore,True
598028,Kings XI Punjab,171,Kings XI Punjab,True
598029,Mumbai Indians,162,Mumbai Indians,True
598030,Chennai Super Kings,160,Chennai Super Kings,True
598031,Kolkata Knight Riders,150,Kolkata Knight Riders,True
598032,Rajasthan Royals,146,Rajasthan Royals,True
598033,Mumbai Indians,194,Mumbai Indians,True
598034,Chennai Super Kings,200,Chennai Super Kings,True
598035,Delhi Daredevils,164,Delhi Daredevils,True
598036,Rajasthan Royals,173,Rajasthan Royals,True
598037,Mumbai Indians,174,Mumbai Indians,True
598038,Chennai Super Kings,164,Chennai Super Kings,True
598039,Sunrisers Hyderabad,130,Sunrisers Hyderabad,True
598040,Delhi Daredevils,137,Delhi Daredevils,True
598041,Chennai Super Kings,186,Chennai Super Kings,True
598042,Royal Challengers Bangalore,187,Royal Challengers Bangalore,True
598043,Kolkata Knight Riders,133,Kolkata Knight Riders,True
598044,Sunrisers Hyderabad,81,Sunrisers Hyderabad,True
598045,Kings XI Punjab,176,Kings XI Punjab,True
598046,Mumbai Indians,139,Mumbai Indians,True
598047,Rajasthan Royals,182,Rajasthan Royals,True
598048,Royal Challengers Bangalore,162,Royal Challengers Bangalore,True
598049,Rajasthan Royals,155,Rajasthan Royals,True
598050,Mumbai Indians,170,Mumbai Indians,True
598051,Chennai Super Kings,223,Chennai Super Kings,True
598052,Rajasthan Royals,147,Rajasthan Royals,True
598053,Kolkata Knight Riders,152,Kolkata Knight Riders,True
598054,Royal Challengers Bangalore,183,Royal Challengers Bangalore,True
598055,Mumbai Indians,116,Mumbai Indians,True
598056,Sunrisers Hyderabad,150,Sunrisers Hyderabad,True
598057,Kolkata Knight Riders,116,Kolkata Knight Riders,True
598058,Rajasthan Royals,144,Rajasthan Royals,True
598059,Kings XI Punjab,121,Kings XI Punjab,True
598060,Mumbai Indians,184,Mumbai Indians,True
598061,Pune Warriors,170,Pune Warriors,True
598062,Chennai Super Kings,168,Chennai Super Kings,True
598063,Mumbai Indians,166,Mumbai Indians,True
598064,Kings XI Punjab,194,Kings XI Punjab,True
598065,Sunrisers Hyderabad,136,Sunrisers Hyderabad,True
598066,Kings XI Punjab,183,Kings XI Punjab,True
598067,Pune Warriors,172,Pune Warriors,True
598068,Royal Challengers Bangalore,106,Royal Challengers Bangalore,True
598069,Sunrisers Hyderabad,132,Sunrisers Hyderabad,True
598070,Chennai Super Kings,192,Chennai Super Kings,True
598071,Rajasthan Royals,135,Rajasthan Royals,True
598072,Mumbai Indians,169,Mumbai Indians,True
598073,Mumbai Indians,148,Mumbai Indians,True
729279,Kolkata Knight Riders,163,Kolkata Knight Riders,True
729281,Royal Challengers Bangalore,146,Royal Challengers Bangalore,True
729283,Kings XI Punjab,206,Kings XI Punjab,True
729285,Rajasthan Royals,135,Rajasthan Royals,True
729287,Royal Challengers Bangalore,116,Royal Challengers Bangalore,True
729289,Delhi Daredevils,167,Delhi Daredevils,True
729291,Kings XI Punjab,193,Kings XI Punjab,True
729293,Chennai Super Kings,177,Chennai Super Kings,True
729295,Kings XI Punjab,193,Kings XI Punjab,True
729297,Chennai Super Kings,140,Chennai Super Kings,True
729299,Kolkata Knight Riders,150,Kolkata Knight Riders,True
729301,Sunrisers Hyderabad,184,Sunrisers Hyderabad,True
729303,Chennai Super Kings,142,Chennai Super Kings,True
729305,Rajasthan Royals,71,Rajasthan Royals,True
729307,Kings XI Punjab,132,Kings XI Punjab,True
729309,Delhi Daredevils,126,Delhi Daredevils,True
729311,Chennai Super Kings,146,Chennai Super Kings,True
729313,Kings XI Punjab,127,Kings XI Punjab,True
729315,Kolkata Knight Riders,163,Rajasthan Royals,False
729317,Sunrisers Hyderabad,172,Sunrisers Hyderabad,True
733971,Chennai Super Kings,148,Chennai Super Kings,True
733973,Mumbai Indians,170,Mumbai Indians,True
733975,Rajasthan Royals,156,Rajasthan Royals,True
733977,Royal Challengers Bangalore,158,Royal Challengers Bangalore,True
733979,Rajasthan Royals,170,Rajasthan Royals,True
733981,Chennai Super Kings,181,Chennai Super Kings,True
733983,Mumbai Indians,187,Mumbai Indians,True
733985,Kolkata Knight Riders,161,Kolkata Knight Riders,True
733987,Kings XI Punjab,231,Kings XI Punjab,True
733989,Sunrisers Hyderabad,134,Sunrisers Hyderabad,True
733991,Kings XI Punjab,198,Kings XI Punjab,True
733993,Delhi Daredevils,143,Sunrisers Hyderabad,False
733995,Chennai Super Kings,160,Chennai Super Kings,True
733997,Kolkata Knight Riders,150,Kolkata Knight Riders,True
733999,Rajasthan Royals,191,Rajasthan Royals,True
734001,Mumbai Indians,160,Mumbai Indians,True
734003,Chennai Super Kings,149,Chennai Super Kings,True
734005,Royal Challengers Bangalore,186,Royal Challengers Bangalore,True
734007,Kings XI Punjab,211,Kings XI Punjab,True
734009,Kolkata Knight Riders,142,Kolkata Knight Riders,True
734011,Rajasthan Royals,201,Rajasthan Royals,True
734013,Royal Challengers Bangalore,142,Royal Challengers Bangalore,True
734015,Kolkata Knight Riders,146,Kolkata Knight Riders,True
734017,Mumbai Indians,178,Mumbai Indians,True
734019,Kings XI Punjab,165,Kings XI Punjab,True
734021,Sunrisers Hyderabad,161,Sunrisers Hyderabad,True
734023,Kolkata Knight Riders,156,Kolkata Knight Riders,True
734025,Mumbai Indians,159,Mumbai Indians,True
734027,Kolkata Knight Riders,195,Kolkata Knight Riders,True
734029,Sunrisers Hyderabad,189,Sunrisers Hyderabad,True
734031,Mumbai Indians,173,Mumbai Indians,True
734033,Kings XI Punjab,179,Kings XI Punjab,True
734035,Chennai Super Kings,160,Chennai Super Kings,True
734037,Kolkata Knight Riders,161,Kolkata Knight Riders,True
734039,Kings XI Punjab,119,Kings XI Punjab,True
734041,Mumbai Indians,195,Mumbai Indians,True
734043,Kolkata Knight Riders,163,Kolkata Knight Riders,True
734045,Chennai Super Kings,176,Chennai Super Kings,True
734047,Kings XI Punjab,226,Kings XI Punjab,True
734049,Kolkata Knight Riders,200,Kolkata Knight Riders,True
829705,Kolkata Knight Riders,170,Kolkata Knight Riders,True
829707,Chennai Super Kings,150,Chennai Super Kings,True
829709,Rajasthan Royals,162,Rajasthan Royals,True
829711,Chennai Super Kings,209,Chennai Super Kings,True
829713,Royal Challengers Bangalore,179,Royal Challengers Bangalore,True
829715,Rajasthan Royals,186,Rajasthan Royals,True
829717,Kings XI Punjab,177,Kings XI Punjab,True
829719,Sunrisers Hyderabad,172,Sunrisers Hyderabad,True
829721,Rajasthan Royals,165,Rajasthan Royals,True
829723,Kolkata Knight Riders,169,Kolkata Knight Riders,True
829725,Delhi Daredevils,169,Delhi Daredevils,True
829727,Rajasthan Royals,131,Rajasthan Royals,True
829729,Chennai Super Kings,189,Chennai Super Kings,True
829731,Delhi Daredevils,167,Delhi Daredevils,True
829733,Kolkata Knight Riders,159,Kolkata Knight Riders,True
829735,Rajasthan Royals,157,Rajasthan Royals,True
829737,Mumbai Indians,209,Mumbai Indians,True
829739,Kolkata Knight Riders,147,Kolkata Knight Riders,True
829741,Kings XI Punjab,206,Kings XI Punjab,True
829743,Sunrisers Hyderabad,176,Sunrisers Hyderabad,True
829745,Chennai Super Kings,181,Chennai Super Kings,True
829747,Delhi Daredevils,190,Delhi Daredevils,True
829749,Royal Challengers Bangalore,134,Royal Challengers Bangalore,True
829751,Mumbai Indians,157,Mumbai Indians,True
829753,Chennai Super Kings,192,Chennai Super Kings,True
829757,Royal Challengers Bangalore,99,Royal Challengers Bangalore,True
829759,Sunrisers Hyderabad,150,Sunrisers Hyderabad,True
829761,Kolkata Knight Riders,171,Kolkata Knight Riders,True
829763,Royal Challengers Bangalore,200,No Result,False
829765,Chennai Super Kings,134,Chennai Super Kings,True
829767,Delhi Daredevils,119,Delhi Daredevils,True
829769,Mumbai Indians,187,Mumbai Indians,True
829771,Royal Challengers Bangalore,115,Royal Challengers Bangalore,True
829773,Sunrisers Hyderabad,192,Sunrisers Hyderabad,True
829775,Mumbai Indians,172,Mumbai Indians,True
829777,Rajasthan Royals,189,Rajasthan Royals,True
829779,Chennai Super Kings,148,Chennai Super Kings,True
829781,Kolkata Knight Riders,167,Kolkata Knight Riders,True
829783,Mumbai Indians,153,Mumbai Indians,True
829785,Royal Challengers Bangalore,226,Royal Challengers Bangalore,True
829787,Sunrisers Hyderabad,201,Sunrisers Hyderabad,True
829789,Mumbai Indians,159,Mumbai Indians,True
829791,Kolkata Knight Riders,184,Kolkata Knight Riders,True
829793,Sunrisers Hyderabad,163,Sunrisers Hyderabad,True
829795,Royal Challengers Bangalore,235,Royal Challengers Bangalore,True
829797,Chennai Super Kings,157,Chennai Super Kings,True
829799,Sunrisers Hyderabad,185,Sunrisers Hyderabad,True
829801,Delhi Daredevils,120,Delhi Daredevils,True
829803,Kings XI Punjab,106,Kings XI Punjab,True
829805,Mumbai Indians,171,Mumbai Indians,True
829807,Sunrisers Hyderabad,135,Royal Challengers Bangalore,False
829809,Chennai Super Kings,134,Chennai Super Kings,True
829811,Rajasthan Royals,199,Rajasthan Royals,True
829813,Delhi Daredevils,187,No Result,False
829815,Mumbai Indians,114,Mumbai Indians,True
829817,Mumbai Indians,187,Mumbai Indians,True
829819,Royal Challengers Bangalore,180,Royal Challengers Bangalore,True
829821,Chennai Super Kings,140,Chennai Super Kings,True
829823,Mumbai Indians,202,Mumbai Indians,True
980901,Rising Pune Supergiants,126,Rising Pune Supergiants,True
980903,Kolkata Knight Riders,99,Kolkata Knight Riders,True
980905,Gujarat Lions,162,Gujarat Lions,True
980907,Royal Challengers Bangalore,227,Royal Challengers Bangalore,True
980909,Mumbai Indians,188,Mumbai Indians,True
980911,Gujarat Lions,164,Gujarat Lions,True
980913,Delhi Daredevils,113,Delhi Daredevils,True
980915,Kolkata Knight Riders,146,Kolkata Knight Riders,True
980917,Gujarat Lions,147,Gujarat Lions,True
980919,Kings XI Punjab,153,Kings XI Punjab,True
980921,Delhi Daredevils,192,Delhi Daredevils,True
980923,Sunrisers Hyderabad,145,Sunrisers Hyderabad,True
980925,Kolkata Knight Riders,141,Kolkata Knight Riders,True
980927,Mumbai Indians,171,Mumbai Indians,True
980929,Sunrisers Hyderabad,137,Sunrisers Hyderabad,True
980931,Royal Challengers Bangalore,185,Royal Challengers Bangalore,True
980933,Delhi Daredevils,164,Delhi Daredevils,True
980935,Sunrisers Hyderabad,146,Sunrisers Hyderabad,True
980937,Gujarat Lions,182,Gujarat Lions,True
980939,Kolkata Knight Riders,162,Kolkata Knight Riders,True
980941,Mumbai Indians,189,Mumbai Indians,True
980943,Sunrisers Hyderabad,118,Rising Pune Supergiants,False
980945,Gujarat Lions,172,Gujarat Lions,True
980947,Mumbai Indians,178,Mumbai Indians,True
980949,Gujarat Lions,196,Gujarat Lions,True
980951,Delhi Daredevils,186,Delhi Daredevils,True
980953,Sunrisers Hyderabad,194,Sunrisers Hyderabad,True
980955,Kings XI Punjab,154,Kings XI Punjab,True
980957,Mumbai Indians,161,Mumbai Indians,True
980959,Kolkata Knight Riders,189,Kolkata Knight Riders,True
980961,Delhi Daredevils,150,Delhi Daredevils,True
980963,Kolkata Knight Riders,164,Kolkata Knight Riders,True
980965,Rising Pune Supergiants,166,Rising Pune Supergiants,True
980967,Sunrisers Hyderabad,129,Sunrisers Hyderabad,True
980969,Royal Challengers Bangalore,195,Royal Challengers Bangalore,True
980971,Kings XI Punjab,181,Kings XI Punjab,True
980973,Sunrisers Hyderabad,177,Sunrisers Hyderabad,True
980975,Gujarat Lions,164,Gujarat Lions,True
980977,Royal Challengers Bangalore,175,Royal Challengers Bangalore,True
980979,Sunrisers Hyderabad,137,Sunrisers Hyderabad,True
980981,Mumbai Indians,153,Mumbai Indians,True
980983,Delhi Daredevils,150,Delhi Daredevils,True
980985,Kings XI Punjab,127,Kings XI Punjab,True
980987,Royal Challengers Bangalore,248,Royal Challengers Bangalore,True
980989,Rising Pune Supergiants,103,Kolkata Knight Riders,False
980991,Sunrisers Hyderabad,180,Sunrisers Hyderabad,True
980993,Mumbai Indians,206,Mumbai Indians,True
980995,Royal Challengers Bangalore,186,Royal Challengers Bangalore,True
980997,Delhi Daredevils,121,Rising Pune Supergiants,False
980999,Royal Challengers Bangalore,211,Royal Challengers Bangalore,True
981001,Gujarat Lions,125,Gujarat Lions,True
981003,Delhi Daredevils,161,Delhi Daredevils,True
981005,Rising Pune Supergiants,173,Rising Pune Supergiants,True
981007,Gujarat Lions,173,Gujarat Lions,True
981009,Kolkata Knight Riders,171,Kolkata Knight Riders,True
981011,Royal Challengers Bangalore,139,Royal Challengers Bangalore,True
981013,Royal Challengers Bangalore,159,Royal Challengers Bangalore,True
981015,Sunrisers Hyderabad,162,Sunrisers Hyderabad,True
981017,Sunrisers Hyderabad,163,Sunrisers Hyderabad,True
981019,Sunrisers Hyderabad,208,Sunrisers Hyderabad,True
1082591,Sunrisers Hyderabad,207,Sunrisers Hyderabad,True
1082592,Rising Pune Supergiant,187,Rising Pune Supergiant,True
1082593,Kolkata Knight Riders,184,Kolkata Knight Riders,True
1082594,Kings XI Punjab,164,Kings XI Punjab,True
1082595,Royal Challengers Bangalore,157,Royal Challengers Bangalore,True
1082596,Sunrisers Hyderabad,140,Sunrisers Hyderabad,True
1082597,Mumbai Indians,180,Mumbai Indians,True
1082598,Kings XI Punjab,150,Kings XI Punjab,True
1082599,Delhi Daredevils,205,Delhi Daredevils,True
1082600,Mumbai Indians,159,Mumbai Indians,True
1082601,Kolkata Knight Riders,171,Kolkata Knight Riders,True
1082602,Mumbai Indians,145,Mumbai Indians,True
1082603,Gujarat Lions,172,Gujarat Lions,True
1082604,Kolkata Knight Riders,172,Kolkata Knight Riders,True
1082605,Delhi Daredevils,188,Delhi Daredevils,True
1082606,Mumbai Indians,177,Mumbai Indians,True
1082607,Rising Pune Supergiant,161,Rising Pune Supergiant,True
1082608,Kolkata Knight Riders,169,Kolkata Knight Riders,True
1082609,Sunrisers Hyderabad,159,Sunrisers Hyderabad,True
1082610,Royal Challengers Bangalore,213,Royal Challengers Bangalore,True
1082611,Sunrisers Hyderabad,191,Sunrisers Hyderabad,True
1082612,Mumbai Indians,199,Mumbai Indians,True
1082613,Gujarat Lions,188,Gujarat Lions,True
1082614,Mumbai Indians,142,Mumbai Indians,True
1082615,Rising Pune Supergiant,179,Rising Pune Supergiant,True
1082616,Kings XI Punjab,188,Kings XI Punjab,True
1082617,Kolkata Knight Riders,131,Kolkata Knight Riders,True
1082618,Rising Pune Supergiant,160,Rising Pune Supergiant,True
1082620,Kolkata Knight Riders,184,Kolkata Knight Riders,True
1082621,Gujarat Lions,135,Gujarat Lions,True
1082622,Kolkata Knight Riders,161,Kolkata Knight Riders,True
1082623,Sunrisers Hyderabad,207,Sunrisers Hyderabad,True
1082624,Rising Pune Supergiant,157,Rising Pune Supergiant,True
1082625,Mumbai Indians,164,Mumbai Indians,True
1082626,Kings XI Punjab,68,Kings XI Punjab,True
1082627,Sunrisers Hyderabad,209,Sunrisers Hyderabad,True
1082628,Mumbai Indians,165,Mumbai Indians,True
1082629,Rising Pune Supergiant,167,Rising Pune Supergiant,True
1082630,Delhi Daredevils,189,Delhi Daredevils,True
1082631,Rising Pune Supergiant,158,Rising Pune Supergiant,True
1082632,Delhi Daredevils,214,Delhi Daredevils,True
1082633,Kings XI Punjab,138,Kings XI Punjab,True
1082634,Rising Pune Supergiant,148,Rising Pune Supergiant,True
1082635,Mumbai Indians,212,Mumbai Indians,True
1082636,Kolkata Knight Riders,159,Kolkata Knight Riders,True
1082637,Gujarat Lions,192,Gujarat Lions,True
1082638,Sunrisers Hyderabad,140,Sunrisers Hyderabad,True
1082639,Kings XI Punjab,167,Kings XI Punjab,True
1082640,Delhi Daredevils,197,Delhi Daredevils,True
1082641,Kings XI Punjab,230,Kings XI Punjab,True
1082642,Delhi Daredevils,168,Delhi Daredevils,True
1082643,Sunrisers Hyderabad,158,Sunrisers Hyderabad,True
1082644,Mumbai Indians,173,Mumbai Indians,True
1082645,Rising Pune Supergiant,78,Rising Pune Supergiant,True
1082646,Royal Challengers Bangalore,161,Royal Challengers Bangalore,True
1082647,Rising Pune Supergiant,162,Rising Pune Supergiant,True
1082648,Sunrisers Hyderabad,128,Kolkata Knight Riders,False
1082649,Mumbai Indians,111,Mumbai Indians,True
1082650,Mumbai Indians,129,Mumbai Indians,True
1136561,Chennai Super Kings,169,Chennai Super Kings,True
1136562,Kings XI Punjab,167,Kings XI Punjab,True
1136563,Kolkata Knight Riders,177,Kolkata Knight Riders,True
1136564,Sunrisers Hyderabad,127,Sunrisers Hyderabad,True
1136565,Chennai Super Kings,205,Chennai Super Kings,True
1136566,Rajasthan Royals,153,Rajasthan Royals,True
1136567,Sunrisers Hyderabad,151,Sunrisers Hyderabad,True
1136568,Royal Challengers Bangalore,159,Royal Challengers Bangalore,True
1136569,Delhi Daredevils,195,Delhi Daredevils,True
1136570,Sunrisers Hyderabad,139,Sunrisers Hyderabad,True
1136571,Rajasthan Royals,217,Rajasthan Royals,True
1136572,Kings XI Punjab,197,Kings XI Punjab,True
1136573,Kolkata Knight Riders,200,Kolkata Knight Riders,True
1136574,Mumbai Indians,213,Mumbai Indians,True
1136575,Kolkata Knight Riders,163,Kolkata Knight Riders,True
1136576,Kings XI Punjab,193,Kings XI Punjab,True
1136577,Chennai Super Kings,204,Chennai Super Kings,True
1136578,Kolkata Knight Riders,191,Kings XI Punjab,False
1136579,Royal Challengers Bangalore,176,Royal Challengers Bangalore,True
1136580,Chennai Super Kings,182,Chennai Super Kings,True
1136581,Rajasthan Royals,168,Rajasthan Royals,True
1136582,Kings XI Punjab,143,Kings XI Punjab,True
1136583,Sunrisers Hyderabad,118,Sunrisers Hyderabad,True
1136584,Chennai Super Kings,207,Chennai Super Kings,True
1136585,Sunrisers Hyderabad,132,Sunrisers Hyderabad,True
1136586,Delhi Daredevils,219,Delhi Daredevils,True
1136587,Mumbai Indians,170,Mumbai Indians,True
1136588,Sunrisers Hyderabad,151,Sunrisers Hyderabad,True
1136589,Kolkata Knight Riders,176,Kolkata Knight Riders,True
1136590,Chennai Super Kings,211,Chennai Super Kings,True
1136591,Royal Challengers Bangalore,167,Royal Challengers Bangalore,True
1136592,Delhi Daredevils,196,Delhi Daredevils,True
1136593,Kolkata Knight Riders,180,Kolkata Knight Riders,True
1136594,Mumbai Indians,176,Mumbai Indians,True
1136595,Chennai Super Kings,128,Chennai Super Kings,True
1136596,Sunrisers Hyderabad,164,Sunrisers Hyderabad,True
1136597,Mumbai Indians,181,Mumbai Indians,True
1136598,Kings XI Punjab,155,Kings XI Punjab,True
1136599,Sunrisers Hyderabad,146,Sunrisers Hyderabad,True
1136600,Rajasthan Royals,158,Rajasthan Royals,True
1136601,Mumbai Indians,210,Mumbai Indians,True
1136602,Sunrisers Hyderabad,191,Sunrisers Hyderabad,True
1136603,Rajasthan Royals,177,Rajasthan Royals,True
1136604,Kolkata Knight Riders,245,Kolkata Knight Riders,True
1136605,Royal Challengers Bangalore,187,Royal Challengers Bangalore,True
1136606,Chennai Super Kings,180,Chennai Super Kings,True
1136607,Rajasthan Royals,171,Rajasthan Royals,True
1136608,Royal Challengers Bangalore,92,Royal Challengers Bangalore,True
1136609,Kolkata Knight Riders,145,Kolkata Knight Riders,True
1136610,Mumbai Indians,186,Mumbai Indians,True
1136611,Royal Challengers Bangalore,218,Royal Challengers Bangalore,True
1136612,Delhi Daredevils,162,Delhi Daredevils,True
1136613,Rajasthan Royals,164,Rajasthan Royals,True
1136614,Kolkata Knight Riders,173,Kolkata Knight Riders,True
1136615,Delhi Daredevils,174,Delhi Daredevils,True
1136616,Chennai Super Kings,159,Chennai Super Kings,True
1136617,Chennai Super Kings,140,Chennai Super Kings,True
1136618,Kolkata Knight Riders,169,Kolkata Knight Riders,True
1136619,Sunrisers Hyderabad,174,Sunrisers Hyderabad,True
1136620,Chennai Super Kings,181,Chennai Super Kings,True
1175356,Chennai Super Kings,71,Chennai Super Kings,True
1175357,Kolkata Knight Riders,183,Kolkata Knight Riders,True
1175358,Delhi Capitals,213,Delhi Capitals,True
1175359,Kings XI Punjab,184,Kings XI Punjab,True
1175360,Chennai Super Kings,150,Chennai Super Kings,True
1175361,Kolkata Knight Riders,218,Kolkata Knight Riders,True
1175362,Mumbai Indians,187,Mumbai Indians,True
1175363,Sunrisers Hyderabad,201,Sunrisers Hyderabad,True
1175364,Kings XI Punjab,177,Kings XI Punjab,True
1175365,Delhi Capitals,195,Delhi Capitals,True
1175366,Sunrisers Hyderabad,231,Sunrisers Hyderabad,True
1175367,Chennai Super Kings,175,Chennai Super Kings,True
1175368,Kings XI Punjab,166,Kings XI Punjab,True
1175369,Rajasthan Royals,164,Rajasthan Royals,True
1175370,Mumbai Indians,170,Mumbai Indians,True
1175371,Sunrisers Hyderabad,131,Sunrisers Hyderabad,True
1175372,Kolkata Knight Riders,206,Kolkata Knight Riders,True
1178393,Chennai Super Kings,160,Chennai Super Kings,True
1178394,Mumbai Indians,136,Mumbai Indians,True
1178395,Delhi Capitals,152,Delhi Capitals,True
1178396,Kolkata Knight Riders,140,Kolkata Knight Riders,True
1178397,Kings XI Punjab,151,Kings XI Punjab,True
1178398,Chennai Super Kings,111,Chennai Super Kings,True
1178399,Mumbai Indians,198,Mumbai Indians,True
1178400,Chennai Super Kings,155,Chennai Super Kings,True
1178401,Delhi Capitals,180,Delhi Capitals,True
1178402,Rajasthan Royals,188,Rajasthan Royals,True
1178403,Royal Challengers Bangalore,174,Royal Challengers Bangalore,True
1178404,Chennai Super Kings,162,Chennai Super Kings,True
1178405,Delhi Capitals,155,Delhi Capitals,True
1178406,Mumbai Indians,172,Mumbai Indians,True
1178407,Kings XI Punjab,182,Kings XI Punjab,True
1178408,Sunrisers Hyderabad,137,Sunrisers Hyderabad,True
1178409,Mumbai Indians,168,Mumbai Indians,True
1178410,Royal Challengers Bangalore,213,Royal Challengers Bangalore,True
1178411,Rajasthan Royals,162,Rajasthan Royals,True
1178412,Delhi Capitals,166,Delhi Capitals,True
1178413,Sunrisers Hyderabad,161,Sunrisers Hyderabad,True
1178414,Royal Challengers Bangalore,161,Royal Challengers Bangalore,True
1178415,Delhi Capitals,193,Delhi Capitals,True
1178416,Chennai Super Kings,176,Chennai Super Kings,True
1178417,Royal Challengers Bangalore,202,Royal Challengers Bangalore,True
1178418,Rajasthan Royals,177,Rajasthan Royals,True
1178419,Mumbai Indians,155,Mumbai Indians,True
1178420,Rajasthan Royals,161,Rajasthan Royals,True
1178421,Delhi Capitals,187,Delhi Capitals,True
1178422,Kolkata Knight Riders,232,Kolkata Knight Riders,True
1178423,Sunrisers Hyderabad,212,Sunrisers Hyderabad,True
1178424,Royal Challengers Bangalore,62,No Result,False
1178425,Chennai Super Kings,179,Chennai Super Kings,True
1178426,Mumbai Indians,171,Mumbai Indians,True
1178427,Kolkata Knight Riders,185,Kolkata Knight Riders,True
1178428,Delhi Capitals,121,Delhi Capitals,True
1178429,Royal Challengers Bangalore,178,Royal Challengers Bangalore,True
1178430,Kings XI Punjab,173,Kings XI Punjab,True
1178431,Mumbai Indians,134,Mumbai Indians,True
1181764,Mumbai Indians,132,Mumbai Indians,True
1181766,Delhi Capitals,165,Delhi Capitals,True
1181767,Chennai Super Kings,151,Chennai Super Kings,True
1181768,Mumbai Indians,149,Mumbai Indians,True
1216492,Chennai Super Kings,166,Chennai Super Kings,True
1216493,Delhi Capitals,160,Delhi Capitals,True
1216494,Royal Challengers Bangalore,85,Royal Challengers Bangalore,True
1216495,Sunrisers Hyderabad,151,Sunrisers Hyderabad,True
1216496,Rajasthan Royals,216,Rajasthan Royals,True
1216497,Kolkata Knight Riders,194,Kolkata Knight Riders,True
1216498,Kings XI Punjab,126,Kings XI Punjab,True
1216499,Mumbai Indians,166,Mumbai Indians,True
1216500,Delhi Capitals,184,Delhi Capitals,True
1216501,Kolkata Knight Riders,167,Kolkata Knight Riders,True
1216502,Sunrisers Hyderabad,121,Sunrisers Hyderabad,True
1216503,Mumbai Indians,191,Mumbai Indians,True
1216504,Kolkata Knight Riders,174,Kolkata Knight Riders,True
1216505,Delhi Capitals,154,Delhi Capitals,True
1216506,Chennai Super Kings,154,Chennai Super Kings,True
1216507,Rajasthan Royals,163,Rajasthan Royals,True
1216508,Mumbai Indians,195,Mumbai Indians,True
1216509,Delhi Capitals,185,Delhi Capitals,True
1216510,Kings XI Punjab,206,Kings XI Punjab,True
1216511,Mumbai Indians,193,Mumbai Indians,True
1216512,Kolkata Knight Riders,166,Kolkata Knight Riders,True
1216513,Chennai Super Kings,181,Chennai Super Kings,True
1216514,Royal Challengers Bangalore,158,Royal Challengers Bangalore,True
1216515,Delhi Capitals,228,Delhi Capitals,True
1216516,Sunrisers Hyderabad,164,Sunrisers Hyderabad,True
1216517,Kings XI Punjab,196,Kings XI Punjab,True
1216518,Sunrisers Hyderabad,156,Sunrisers Hyderabad,True
1216519,Delhi Capitals,196,Delhi Capitals,True
1216520,Kings XI Punjab,150,Kings XI Punjab,True
1216521,Mumbai Indians,116,Mumbai Indians,True
1216522,Royal Challengers Bangalore,179,Royal Challengers Bangalore,True
1216523,Kolkata Knight Riders,164,Kolkata Knight Riders,True
1216524,Sunrisers Hyderabad,219,Sunrisers Hyderabad,True
1216525,Royal Challengers Bangalore,169,Royal Challengers Bangalore,True
1216526,Mumbai Indians,149,Mumbai Indians,True
1216527,Rajasthan Royals,226,Rajasthan Royals,True
1216528,Chennai Super Kings,167,Chennai Super Kings,True
1216529,Mumbai Indians,166,Mumbai Indians,True
1216530,Kolkata Knight Riders,191,Kolkata Knight Riders,True
1216531,Kings XI Punjab,177,Kings XI Punjab,True
1216532,Sunrisers Hyderabad,162,Sunrisers Hyderabad,True
1216533,Rajasthan Royals,126,Rajasthan Royals,True
1216534,Royal Challengers Bangalore,163,Royal Challengers Bangalore,True
1216535,Mumbai Indians,111,Mumbai Indians,True
1216536,Chennai Super Kings,178,Chennai Super Kings,True
1216537,Rajasthan Royals,186,Rajasthan Royals,True
1216538,Mumbai Indians,208,Mumbai Indians,True
1216539,Delhi Capitals,175,Delhi Capitals,True
1216540,Royal Challengers Bangalore,194,Royal Challengers Bangalore,True
1216541,Rajasthan Royals,196,Rajasthan Royals,True
1216542,Sunrisers Hyderabad,201,Sunrisers Hyderabad,True
1216543,Delhi Capitals,161,Delhi Capitals,True
1216544,Chennai Super Kings,150,Chennai Super Kings,True
1216545,Kolkata Knight Riders,145,Kolkata Knight Riders,True
1216546,Kings XI Punjab,167,Kings XI Punjab,True
1216547,Royal Challengers Bangalore,212,Royal Challengers Bangalore,True
1237177,Mumbai Indians,200,Mumbai Indians,True
1237178,Sunrisers Hyderabad,132,Sunrisers Hyderabad,True
1237180,Delhi Capitals,189,Delhi Capitals,True
1237181,Mumbai Indians,157,Mumbai Indians,True
1254058,Royal Challengers Bangalore,160,Royal Challengers Bangalore,True
1254059,Delhi Capitals,190,Delhi Capitals,True
1254060,Kolkata Knight Riders,187,Kolkata Knight Riders,True
1254061,Punjab Kings,221,Punjab Kings,True
1254062,Mumbai Indians,152,Mumbai Indians,True
1254063,Royal Challengers Bangalore,149,Royal Challengers Bangalore,True
1254064,Rajasthan Royals,150,Rajasthan Royals,True
1254065,Chennai Super Kings,107,Chennai Super Kings,True
1254066,Mumbai Indians,150,Mumbai Indians,True
1254067,Royal Challengers Bangalore,204,Royal Challengers Bangalore,True
1254068,Delhi Capitals,198,Delhi Capitals,True
1254069,Chennai Super Kings,188,Chennai Super Kings,True
1254070,Delhi Capitals,138,Delhi Capitals,True
1254071,Sunrisers Hyderabad,121,Sunrisers Hyderabad,True
1254072,Chennai Super Kings,220,Chennai Super Kings,True
1254073,Royal Challengers Bangalore,181,Royal Challengers Bangalore,True
1254074,Punjab Kings,132,Punjab Kings,True
1254075,Rajasthan Royals,134,Rajasthan Royals,True
1254076,Chennai Super Kings,191,Chennai Super Kings,True
1254077,Delhi Capitals,167,Delhi Capitals,True
1254078,Kolkata Knight Riders,126,Kolkata Knight Riders,True
1254079,Royal Challengers Bangalore,171,Royal Challengers Bangalore,True
1254080,Chennai Super Kings,173,Chennai Super Kings,True
1254081,Mumbai Indians,172,Mumbai Indians,True
1254082,Delhi Capitals,156,Delhi Capitals,True
1254083,Punjab Kings,179,Punjab Kings,True
1254084,Mumbai Indians,219,Mumbai Indians,True
1254085,Rajasthan Royals,220,Rajasthan Royals,True
1254086,Delhi Capitals,167,Delhi Capitals,True
1254087,Kolkata Knight Riders,94,Kolkata Knight Riders,True
1254088,Mumbai Indians,235,Mumbai Indians,True
1254089,Rajasthan Royals,190,Rajasthan Royals,True
1254090,Royal Challengers Bangalore,164,Royal Challengers Bangalore,True
1254091,Chennai Super Kings,139,Chennai Super Kings,True
1254092,Kolkata Knight Riders,130,Kolkata Knight Riders,True
1254093,Mumbai Indians,94,Mumbai Indians,True
1254094,Punjab Kings,139,Punjab Kings,True
1254095,Sunrisers Hyderabad,141,Sunrisers Hyderabad,True
1254096,Kolkata Knight Riders,159,Kolkata Knight Riders,True
1254097,Delhi Capitals,154,Delhi Capitals,True
1254098,Chennai Super Kings,172,Chennai Super Kings,True
1254099,Mumbai Indians,137,Mumbai Indians,True
1254100,Sunrisers Hyderabad,167,Sunrisers Hyderabad,True
1254101,Royal Challengers Bangalore,166,Royal Challengers Bangalore,True
1254102,Punjab Kings,168,Punjab Kings,True
1254103,Royal Challengers Bangalore,153,Royal Challengers Bangalore,True
1254104,Chennai Super Kings,156,Chennai Super Kings,True
1254105,Delhi Capitals,139,Delhi Capitals,True
1254106,Kolkata Knight Riders,171,Kolkata Knight Riders,True
1254107,Punjab Kings,125,Punjab Kings,True
1254108,Royal Challengers Bangalore,165,Royal Challengers Bangalore,True
1254109,Kolkata Knight Riders,119,Kolkata Knight Riders,True
1254110,Delhi Capitals,139,Delhi Capitals,True
1254111,Rajasthan Royals,185,Rajasthan Royals,True
1254112,Delhi Capitals,132,Delhi Capitals,True
1254113,Chennai Super Kings,157,Chennai Super Kings,True
1254114,Chennai Super Kings,173,Chennai Super Kings,True
1254115,Kolkata Knight Riders,139,Kolkata Knight Riders,True
1254116,Kolkata Knight Riders,136,Kolkata Knight Riders,True
1254117,Chennai Super Kings,192,Chennai Super Kings,True
1304047,Kolkata Knight Riders,133,Kolkata Knight Riders,True
1304048,Delhi Capitals,179,Delhi Capitals,True
1304049,Punjab Kings,208,Punjab Kings,True
1304050,Gujarat Titans,161,Gujarat Titans,True
1304051,Rajasthan Royals,210,Rajasthan Royals,True
1304052,Royal Challengers Bangalore,132,Royal Challengers Bangalore,True
1304053,Lucknow Super Giants,211,Lucknow Super Giants,True
1304054,Kolkata Knight Riders,141,Kolkata Knight Riders,True
1304055,Rajasthan Royals,193,Rajasthan Royals,True
1304056,Gujarat Titans,171,Gujarat Titans,True
1304057,Punjab Kings,180,Punjab Kings,True
1304058,Lucknow Super Giants,169,Lucknow Super Giants,True
1304059,Royal Challengers Bangalore,173,Royal Challengers Bangalore,True
1304060,Kolkata Knight Riders,162,Kolkata Knight Riders,True
1304061,Lucknow Super Giants,155,Lucknow Super Giants,True
1304062,Gujarat Titans,190,Gujarat Titans,True
1304063,Sunrisers Hyderabad,155,Sunrisers Hyderabad,True
1304064,Royal Challengers Bangalore,152,Royal Challengers Bangalore,True
1304065,Delhi Capitals,215,Delhi Capitals,True
1304066,Rajasthan Royals,165,Rajasthan Royals,True
1304067,Sunrisers Hyderabad,168,Sunrisers Hyderabad,True
1304068,Chennai Super Kings,216,Chennai Super Kings,True
1304069,Punjab Kings,198,Punjab Kings,True
1304070,Gujarat Titans,192,Gujarat Titans,True
1304071,Sunrisers Hyderabad,176,Sunrisers Hyderabad,True
1304072,Lucknow Super Giants,199,Lucknow Super Giants,True
1304073,Royal Challengers Bangalore,189,Royal Challengers Bangalore,True
1304074,Sunrisers Hyderabad,152,Sunrisers Hyderabad,True
1304075,Gujarat Titans,170,Gujarat Titans,True
1304076,Rajasthan Royals,217,Rajasthan Royals,True
1304077,Royal Challengers Bangalore,181,Royal Challengers Bangalore,True
1304078,Delhi Capitals,119,Delhi Capitals,True
1304079,Chennai Super Kings,156,Chennai Super Kings,True
1304080,Rajasthan Royals,222,Rajasthan Royals,True
1304081,Gujarat Titans,156,Gujarat Titans,True
1304082,Sunrisers Hyderabad,72,Sunrisers Hyderabad,True
1304083,Lucknow Super Giants,168,Lucknow Super Giants,True
1304084,Punjab Kings,187,Punjab Kings,True
1304085,Rajasthan Royals,144,Rajasthan Royals,True
1304086,Gujarat Titans,199,Gujarat Titans,True
1304087,Delhi Capitals,150,Delhi Capitals,True
1304088,Lucknow Super Giants,153,Lucknow Super Giants,True
1304089,Gujarat Titans,174,Gujarat Titans,True
1304090,Mumbai Indians,161,Mumbai Indians,True
1304091,Lucknow Super Giants,195,Lucknow Super Giants,True
1304092,Chennai Super Kings,202,Chennai Super Kings,True
1304093,Kolkata Knight Riders,158,Kolkata Knight Riders,True
1304094,Punjab Kings,145,Punjab Kings,True
1304095,Royal Challengers Bangalore,173,Royal Challengers Bangalore,True
1304096,Delhi Capitals,207,Delhi Capitals,True
1304097,Mumbai Indians,177,Mumbai Indians,True
1304098,Rajasthan Royals,190,Rajasthan Royals,True
1304099,Lucknow Super Giants,176,Lucknow Super Giants,True
1304100,Royal Challengers Bangalore,192,Royal Challengers Bangalore,True
1304101,Chennai Super Kings,208,Chennai Super Kings,True
1304102,Kolkata Knight Riders,165,Kolkata Knight Riders,True
1304103,Gujarat Titans,144,Gujarat Titans,True
1304104,Delhi Capitals,161,Delhi Capitals,True
1304105,Mumbai Indians,103,Mumbai Indians,True
1304106,Punjab Kings,209,Punjab Kings,True
1304107,Kolkata Knight Riders,177,Kolkata Knight Riders,True
1304108,Gujarat Titans,137,Gujarat Titans,True
1304109,Rajasthan Royals,178,Rajasthan Royals,True
1304110,Delhi Capitals,159,Delhi Capitals,True
1304111,Sunrisers Hyderabad,193,Sunrisers Hyderabad,True
1304112,Lucknow Super Giants,210,Lucknow Super Giants,True
1304113,Royal Challengers Bangalore,170,Royal Challengers Bangalore,True
1304114,Rajasthan Royals,151,Rajasthan Royals,True
1304115,Mumbai Indians,160,Mumbai Indians,True
1304116,Punjab Kings,160,Punjab Kings,True
1312197,Gujarat Titans,191,Gujarat Titans,True
1312198,Royal Challengers Bangalore,207,Royal Challengers Bangalore,True
1312199,Rajasthan Royals,161,Rajasthan Royals,True
1312200,Gujarat Titans,133,Gujarat Titans,True
1359475,Gujarat Titans,182,Gujarat Titans,True
1359476,Punjab Kings,191,Punjab Kings,True
1359477,Lucknow Super Giants,193,Lucknow Super Giants,True
1359478,Rajasthan Royals,203,Rajasthan Royals,True
1359479,Royal Challengers Bangalore,172,Royal Challengers Bangalore,True
1359480,Chennai Super Kings,217,Chennai Super Kings,True
1359481,Gujarat Titans,163,Gujarat Titans,True
1359482,Punjab Kings,197,Punjab Kings,True
1359483,Kolkata Knight Riders,204,Kolkata Knight Riders,True
1359484,Lucknow Super Giants,127,Lucknow Super Giants,True
1359485,Rajasthan Royals,199,Rajasthan Royals,True
1359486,Chennai Super Kings,159,Chennai Super Kings,True
1359487,Kolkata Knight Riders,207,Kolkata Knight Riders,True
1359488,Sunrisers Hyderabad,145,Sunrisers Hyderabad,True
1359489,Lucknow Super Giants,213,Lucknow Super Giants,True
1359490,Mumbai Indians,173,Mumbai Indians,True
1359491,Rajasthan Royals,175,Rajasthan Royals,True
1359492,Gujarat Titans,154,Gujarat Titans,True
1359493,Sunrisers Hyderabad,228,Sunrisers Hyderabad,True
1359494,Royal Challengers Bangalore,174,Royal Challengers Bangalore,True
1359495,Punjab Kings,161,Punjab Kings,True
1359496,Mumbai Indians,186,Mumbai Indians,True
1359497,Rajasthan Royals,179,Rajasthan Royals,True
1359498,Chennai Super Kings,226,Chennai Super Kings,True
1359499,Mumbai Indians,192,Mumbai Indians,True
1359500,Lucknow Super Giants,154,Lucknow Super Giants,True
1359501,Royal Challengers Bangalore,174,Royal Challengers Bangalore,True
1359502,Delhi Capitals,128,Delhi Capitals,True
1359503,Chennai Super Kings,138,Chennai Super Kings,True
1359504,Gujarat Titans,135,Gujarat Titans,True
1359505,Punjab Kings,214,Punjab Kings,True
1359506,Royal Challengers Bangalore,189,Royal Challengers Bangalore,True
1359507,Chennai Super Kings,235,Chennai Super Kings,True
1359508,Delhi Capitals,144,Delhi Capitals,True
1359509,Gujarat Titans,207,Gujarat Titans,True
1359510,Kolkata Knight Riders,200,Kolkata Knight Riders,True
1359511,Rajasthan Royals,202,Rajasthan Royals,True
1359512,Lucknow Super Giants,257,Lucknow Super Giants,True
1359513,Gujarat Titans,180,Gujarat Titans,True
1359514,Sunrisers Hyderabad,197,Sunrisers Hyderabad,True
1359515,Punjab Kings,201,Punjab Kings,True
1359516,Mumbai Indians,214,Mumbai Indians,True
1359517,Royal Challengers Bangalore,126,Royal Challengers Bangalore,True
1359518,Delhi Capitals,130,Delhi Capitals,True
1359519,Lucknow Super Giants,125,No Result,False
1359520,Mumbai Indians,216,Mumbai Indians,True
1359521,Kolkata Knight Riders,171,Kolkata Knight Riders,True
1359522,Gujarat Titans,119,Gujarat Titans,True
1359523,Chennai Super Kings,140,Chennai Super Kings,True
1359524,Delhi Capitals,187,Delhi Capitals,True
1359525,Gujarat Titans,227,Gujarat Titans,True
1359526,Sunrisers Hyderabad,217,Sunrisers Hyderabad,True
1359527,Kolkata Knight Riders,182,Kolkata Knight Riders,True
1359528,Mumbai Indians,200,Mumbai Indians,True
1359529,Chennai Super Kings,167,Chennai Super Kings,True
1359530,Rajasthan Royals,151,Rajasthan Royals,True
1359531,Mumbai Indians,218,Mumbai Indians,True
1359532,Lucknow Super Giants,185,Lucknow Super Giants,True
1359533,Punjab Kings,167,Punjab Kings,True
1359534,Royal Challengers Bangalore,171,Royal Challengers Bangalore,True
1359535,Kolkata Knight Riders,147,Kolkata Knight Riders,True
1359536,Gujarat Titans,188,Gujarat Titans,True
1359537,Lucknow Super Giants,177,Lucknow Super Giants,True
1359538,Delhi Capitals,213,Delhi Capitals,True
1359539,Royal Challengers Bangalore,187,Royal Challengers Bangalore,True
1359540,Rajasthan Royals,189,Rajasthan Royals,True
1359541,Chennai Super Kings,223,Chennai Super Kings,True
1359542,Lucknow Super Giants,176,Lucknow Super Giants,True
1359543,Mumbai Indians,201,Mumbai Indians,True
1359544,Gujarat Titans,198,Gujarat Titans,True
1370350,Chennai Super Kings,172,Chennai Super Kings,True
1370351,Mumbai Indians,182,Mumbai Indians,True
1370352,Gujarat Titans,233,Gujarat Titans,True
1370353,Gujarat Titans,214,Chennai Super Kings,False
1422119,Chennai Super Kings,176,Chennai Super Kings,True
1422120,Punjab Kings,177,Punjab Kings,True
1422121,Kolkata Knight Riders,208,Kolkata Knight Riders,True
1422122,Rajasthan Royals,193,Rajasthan Royals,True
1422123,Gujarat Titans,168,Gujarat Titans,True
1422124,Royal Challengers Bengaluru,178,Royal Challengers Bengaluru,True
1422125,Chennai Super Kings,206,Chennai Super Kings,True
1422126,Sunrisers Hyderabad,277,Sunrisers Hyderabad,True
1422127,Rajasthan Royals,185,Rajasthan Royals,True
1422128,Kolkata Knight Riders,186,Kolkata Knight Riders,True
1422129,Lucknow Super Giants,199,Lucknow Super Giants,True
1422130,Gujarat Titans,168,Gujarat Titans,True
1422131,Delhi Capitals,191,Delhi Capitals,True
1422132,Rajasthan Royals,127,Rajasthan Royals,True
1422133,Lucknow Super Giants,181,Lucknow Super Giants,True
1422134,Kolkata Knight Riders,272,Kolkata Knight Riders,True
1422135,Punjab Kings,200,Punjab Kings,True
1422136,Sunrisers Hyderabad,166,Sunrisers Hyderabad,True
1422137,Rajasthan Royals,189,Rajasthan Royals,True
1422138,Mumbai Indians,234,Mumbai Indians,True
1422139,Lucknow Super Giants,163,Lucknow Super Giants,True
1426260,Chennai Super Kings,141,Chennai Super Kings,True
1426261,Sunrisers Hyderabad,182,Sunrisers Hyderabad,True
1426262,Gujarat Titans,199,Gujarat Titans,True
1426263,Mumbai Indians,199,Mumbai Indians,True
1426264,Delhi Capitals,170,Delhi Capitals,True
1426265,Rajasthan Royals,152,Rajasthan Royals,True
1426266,Kolkata Knight Riders,162,Kolkata Knight Riders,True
1426267,Chennai Super Kings,206,Chennai Super Kings,True
1426268,Sunrisers Hyderabad,287,Sunrisers Hyderabad,True
1426269,Rajasthan Royals,224,Rajasthan Royals,True
1426270,Delhi Capitals,92,Delhi Capitals,True
1426271,Mumbai Indians,192,Mumbai Indians,True
1426272,Lucknow Super Giants,180,Lucknow Super Giants,True
1426273,Sunrisers Hyderabad,266,Sunrisers Hyderabad,True
1426274,Kolkata Knight Riders,222,Kolkata Knight Riders,True
1426275,Gujarat Titans,146,Gujarat Titans,True
1426276,Rajasthan Royals,183,Rajasthan Royals,True
1426277,Lucknow Super Giants,213,Lucknow Super Giants,True
1426278,Delhi Capitals,224,Delhi Capitals,True
1426279,Royal Challengers Bengaluru,206,Royal Challengers Bengaluru,True
1426280,Punjab Kings,262,Punjab Kings,True
1426281,Delhi Capitals,257,Delhi Capitals,True
1426282,Rajasthan Royals,199,Rajasthan Royals,True
1426283,Royal Challengers Bengaluru,206,Royal Challengers Bengaluru,True
1426284,Chennai Super Kings,212,Chennai Super Kings,True
1426285,Kolkata Knight Riders,157,Kolkata Knight Riders,True
1426286,Lucknow Super Giants,145,Lucknow Super Giants,True
1426287,Punjab Kings,163,Punjab Kings,True
1426288,Sunrisers Hyderabad,201,Sunrisers Hyderabad,True
1426289,Kolkata Knight Riders,169,Kolkata Knight Riders,True
1426290,Royal Challengers Bengaluru,152,Royal Challengers Bengaluru,True
1426291,Chennai Super Kings,167,Chennai Super Kings,True
1426292,Kolkata Knight Riders,235,Kolkata Knight Riders,True
1426293,Mumbai Indians,174,Mumbai Indians,True
1426294,Delhi Capitals,221,Delhi Capitals,True
1426295,Sunrisers Hyderabad,167,Sunrisers Hyderabad,True
1426296,Royal Challengers Bengaluru,241,Royal Challengers Bengaluru,True
1426297,Gujarat Titans,231,Gujarat Titans,True
1426298,Kolkata Knight Riders,157,Kolkata Knight Riders,True
1426299,Chennai Super Kings,145,Chennai Super Kings,True
1426300,Royal Challengers Bengaluru,187,Royal Challengers Bengaluru,True
1426302,Delhi Capitals,208,Delhi Capitals,True
1426303,Punjab Kings,145,Punjab Kings,True
1426305,Lucknow Super Giants,214,Lucknow Super Giants,True
1426306,Royal Challengers Bengaluru,218,Royal Challengers Bengaluru,True
1426307,Sunrisers Hyderabad,215,Sunrisers Hyderabad,True
1426309,Kolkata Knight Riders,164,Kolkata Knight Riders,True
1426310,Rajasthan Royals,174,Rajasthan Royals,True
1426311,Sunrisers Hyderabad,175,Sunrisers Hyderabad,True
1426312,Kolkata Knight Riders,114,Kolkata Knight Riders,True
